{"train": [{"input": [[0, 9, 9, 1, 9, 9, 9], [0, 0, 9, 1, 9, 9, 0], [9, 0, 9, 1, 9, 9, 0], [0, 0, 0, 1, 9, 0, 0], [0, 9, 9, 1, 9, 9, 9]], "output": [[0, 0, 0], [0, 0, 0], [0, 0, 0], [0, 8, 8], [0, 0, 0]]}, {"input": [[0, 0, 0, 1, 9, 0, 0], [9, 0, 9, 1, 9, 9, 9], [0, 9, 9, 1, 9, 9, 9], [0, 0, 0, 1, 9, 9, 9], [0, 9, 9, 1, 9, 9, 9]], "output": [[0, 8, 8], [0, 0, 0], [0, 0, 0], [0, 0, 0], [0, 0, 0]]}, {"input": [[9, 0, 0, 1, 9, 0, 9], [9, 0, 0, 1, 0, 9, 0], [9, 0, 0, 1, 9, 0, 0], [0, 9, 9, 1, 0, 9, 9], [0, 0, 9, 1, 0, 9, 0]], "output": [[0, 8, 0], [0, 0, 8], [0, 8, 8], [8, 0, 0], [8, 0, 0]]}, {"input": [[0, 9, 9, 1, 9, 0, 9], [9, 0, 0, 1, 9, 0, 0], [9, 9, 9, 1, 9, 9, 9], [0, 9, 0, 1, 0, 0, 0], [9, 0, 0, 1, 9, 0, 0]], "output": [[0, 0, 0], [0, 8, 8], [0, 0, 0], [8, 0, 8], [0, 8, 8]]}, {"input": [[0, 9, 9, 1, 9, 0, 9], [9, 0, 9, 1, 9, 9, 9], [9, 9, 9, 1, 0, 0, 9], [9, 0, 0, 1, 9, 0, 0], [9, 9, 9, 1, 0, 0, 9]], "output": [[0, 0, 0], [0, 0, 0], [0, 0, 0], [0, 8, 8], [0, 0, 0]]}], "test": [{"input": [[9, 9, 0, 1, 0, 9, 0], [0, 9, 9, 1, 0, 0, 0], [9, 9, 0, 1, 0, 9, 0], [9, 9, 9, 1, 9, 0, 9], [0, 9, 9, 1, 0, 9, 9]], "output": [[0, 0, 8], [8, 0, 0], [0, 0, 8], [0, 0, 0], [8, 0, 0]]}], "arc-gen": [{"input": [[9, 9, 0, 1, 0, 9, 9], [0, 0, 0, 1, 9, 0, 0], [0, 9, 9, 1, 0, 9, 9], [9, 9, 9, 1, 9, 9, 9], [0, 0, 0, 1, 9, 0, 9]], "output": [[0, 0, 0], [0, 8, 8], [8, 0, 0], [0, 0, 0], [0, 8, 0]]}, {"input": [[0, 9, 9, 1, 0, 0, 9], [9, 9, 9, 1, 9, 9, 9], [0, 9, 0, 1, 0, 9, 9], [9, 0, 0, 1, 9, 9, 9], [9, 0, 0, 1, 0, 0, 9]], "output": [[8, 0, 0], [0, 0, 0], [8, 0, 0], [0, 0, 0], [0, 8, 0]]}, {"input": [[0, 0, 0, 1, 0, 9, 0], [0, 9, 0, 1, 0, 9, 0], [0, 9, 9, 1, 0, 0, 9], [0, 0, 0, 1, 0, 9, 0], [9, 0, 9, 1, 9, 9, 0]], "output": [[8, 0, 8], [8, 0, 8], [8, 0, 0], [8, 0, 8], [0, 0, 0]]}, {"input": [[0, 0, 0, 1, 9, 9, 0], [9, 0, 0, 1, 9, 9, 9], [9, 0, 0, 1, 0, 9, 0], [0, 9, 9, 1, 0, 9, 0], [0, 9, 0, 1, 9, 0, 0]], "output": [[0, 0, 8], [0, 0, 0], [0, 0, 8], [8, 0, 0], [0, 0, 8]]}, {"input": [[9, 0, 9, 1, 9, 9, 9], [9, 0, 9, 1, 9, 9, 0], [0, 0, 9, 1, 0, 0, 0], [0, 9, 9, 1, 0, 0, 9], [9, 9, 0, 1, 9, 0, 0]], "output": [[0, 0, 0], [0, 0, 0], [8, 8, 0], [8, 0, 0], [0, 0, 8]]}, {"input": [[0, 0, 9, 1, 0, 0, 9], [9, 0, 0, 1, 0, 9, 0], [9, 0, 9, 1, 0, 9, 0], [0, 0, 9, 1, 9, 0, 9], [9, 9, 9, 1, 0, 9, 9]], "output": [[8, 8, 0], [0, 0, 8], [0, 0, 0], [0, 8, 0], [0, 0, 0]]}, {"input": [[9, 0, 9, 1, 0, 9, 0], [0, 0, 0, 1, 0, 0, 0], [0, 0, 9, 1, 9, 0, 0], [9, 0, 0, 1, 0, 0, 9], [9, 9, 9, 1, 0, 9, 9]], "output": [[0, 0, 0], [8, 8, 8], [0, 8, 0], [0, 8, 0], [0, 0, 0]]}, {"input": [[9, 9, 9, 1, 0, 9, 0], [9, 0, 9, 1, 0, 9, 0], [9, 0, 9, 1, 9, 9, 0], [9, 9, 9, 1, 0, 0, 0], [9, 0, 0, 1, 0, 9, 9]], "output": [[0, 0, 0], [0, 0, 0], [0, 0, 0], [0, 0, 0], [0, 0, 0]]}, {"input": [[0, 9, 0, 1, 0, 0, 0], [9, 9, 0, 1, 0, 0, 9], [9, 9, 0, 1, 9, 0, 9], [0, 0, 0, 1, 9, 0, 9], [0, 0, 9, 1, 0, 9, 0]], "output": [[8, 0, 8], [0, 0, 0], [0, 0, 0], [0, 8, 0], [8, 0, 0]]}, {"input": [[0, 0, 9, 1, 0, 0, 0], [0, 0, 0, 1, 0, 0, 9], [9, 9, 0, 1, 0, 9, 0], [0, 0, 0, 1, 0, 9, 0], [0, 0, 9, 1, 0, 0, 9]], "output": [[8, 8, 0], [8, 8, 0], [0, 0, 8], [8, 0, 8], [8, 8, 0]]}, {"input": [[9, 9, 9, 1, 9, 9, 9], [0, 9, 9, 1, 0, 0, 9], [0, 0, 0, 1, 9, 9, 9], [0, 9, 9, 1, 9, 0, 0], [9, 9, 9, 1, 9, 9, 0]], "output": [[0, 0, 0], [8, 0, 0], [0, 0, 0], [0, 0, 0], [0, 0, 0]]}, {"input": [[9, 0, 9, 1, 0, 9, 0], [9, 9, 9, 1, 9, 0, 0], [0, 0, 0, 1, 9, 0, 0], [0, 9, 9, 1, 0, 0, 9], [9, 0, 9, 1, 9, 9, 9]], "output": [[0, 0, 0], [0, 0, 0], [0, 8, 8], [8, 0, 0], [0, 0, 0]]}, {"input": [[0, 9, 9, 1, 9, 0, 0], [9, 9, 0, 1, 0, 0, 0], [0, 9, 9, 1, 0, 0, 9], [0, 0, 9, 1, 9, 9, 0], [0, 9, 9, 1, 9, 0, 9]], "output": [[0, 0, 0], [0, 0, 8], [8, 0, 0], [0, 0, 0], [0, 0, 0]]}, {"input": [[0, 0, 0, 1, 9, 0, 0], [0, 0, 0, 1, 0, 0, 9], [0, 0, 9, 1, 0, 0, 0], [9, 9, 9, 1, 9, 0, 9], [9, 0, 0, 1, 0, 0, 0]], "output": [[0, 8, 8], [8, 8, 0], [8, 8, 0], [0, 0, 0], [0, 8, 8]]}, {"input": [[9, 9, 9, 1, 9, 9, 9], [0, 9, 9, 1, 9, 9, 9], [9, 0, 9, 1, 9, 9, 9], [0, 0, 0, 1, 0, 0, 9], [9, 0, 9, 1, 0, 0, 0]], "output": [[0, 0, 0], [0, 0, 0], [0, 0, 0], [8, 8, 0], [0, 8, 0]]}, {"input": [[0, 9, 9, 1, 9, 9, 9], [0, 0, 0, 1, 9, 0, 9], [9, 0, 0, 1, 0, 9, 9], [0, 0, 9, 1, 0, 9, 9], [9, 0, 9, 1, 9, 0, 0]], "output": [[0, 0, 0], [0, 8, 0], [0, 0, 0], [8, 0, 0], [0, 8, 0]]}, {"input": [[0, 9, 9, 1, 0, 0, 9], [0, 0, 0, 1, 9, 9, 0], [9, 9, 9, 1, 0, 0, 0], [0, 9, 9, 1, 9, 9, 0], [9, 0, 0, 1, 9, 0, 9]], "output": [[8, 0, 0], [0, 0, 8], [0, 0, 0], [0, 0, 0], [0, 8, 0]]}, {"input": [[9, 9, 0, 1, 0, 9, 0], [9, 9, 0, 1, 0, 9, 9], [0, 9, 0, 1, 0, 9, 0], [9, 9, 9, 1, 0, 9, 0], [9, 0, 0, 1, 0, 0, 0]], "output": [[0, 0, 8], [0, 0, 0], [8, 0, 8], [0, 0, 0], [0, 8, 8]]}, {"input": [[0, 9, 9, 1, 9, 9, 9], [0, 9, 0, 1, 0, 0, 9], [9, 9, 0, 1, 0, 0, 0], [9, 9, 9, 1, 9, 9, 0], [9, 0, 9, 1, 9, 0, 0]], "output": [[0, 0, 0], [8, 0, 0], [0, 0, 8], [0, 0, 0], [0, 8, 0]]}, {"input": [[9, 9, 0, 1, 0, 9, 0], [9, 0, 9, 1, 0, 9, 9], [0, 0, 9, 1, 0, 0, 0], [0, 9, 0, 1, 9, 9, 9], [9, 0, 0, 1, 9, 0, 9]], "output": [[0, 0, 8], [0, 0, 0], [8, 8, 0], [0, 0, 0], [0, 8, 0]]}, {"input": [[9, 0, 9, 1, 0, 0, 9], [9, 0, 0, 1, 9, 0, 9], [9, 9, 9, 1, 9, 0, 9], [0, 9, 0, 1, 9, 9, 9], [0, 9, 0, 1, 9, 9, 0]], "output": [[0, 8, 0], [0, 8, 0], [0, 0, 0], [0, 0, 0], [0, 0, 8]]}, {"input": [[9, 9, 0, 1, 0, 0, 9], [0, 9, 0, 1, 0, 0, 9], [0, 9, 9, 1, 0, 0, 0], [9, 0, 0, 1, 9, 0, 0], [0, 0, 0, 1, 0, 9, 0]], "output": [[0, 0, 0], [8, 0, 0], [8, 0, 0], [0, 8, 8], [8, 0, 8]]}, {"input": [[9, 0, 0, 1, 9, 9, 0], [9, 0, 0, 1, 9, 0, 0], [9, 9, 9, 1, 9, 0, 0], [0, 0, 9, 1, 0, 0, 9], [0, 0, 0, 1, 9, 0, 9]], "output": [[0, 0, 8], [0, 8, 8], [0, 0, 0], [8, 8, 0], [0, 8, 0]]}, {"input": [[0, 9, 9, 1, 9, 9, 0], [9, 0, 9, 1, 0, 0, 9], [9, 9, 9, 1, 9, 9, 9], [0, 0, 9, 1, 0, 0, 9], [9, 9, 0, 1, 9, 9, 9]], "output": [[0, 0, 0], [0, 8, 0], [0, 0, 0], [8, 8, 0], [0, 0, 0]]}, {"input": [[9, 0, 9, 1, 0, 9, 0], [0, 9, 9, 1, 0, 9, 0], [0, 9, 0, 1, 0, 9, 9], [9, 9, 0, 1, 9, 9, 0], [0, 9, 0, 1, 0, 9, 0]], "output": [[0, 0, 0], [8, 0, 0], [8, 0, 0], [0, 0, 8], [8, 0, 8]]}, {"input": [[9, 9, 9, 1, 9, 9, 0], [9, 9, 9, 1, 9, 9, 9], [9, 0, 0, 1, 0, 9, 9], [0, 9, 9, 1, 9, 0, 9], [9, 0, 0, 1, 9, 9, 0]], "output": [[0, 0, 0], [0, 0, 0], [0, 0, 0], [0, 0, 0], [0, 0, 8]]}, {"input": [[0, 9, 0, 1, 9, 0, 9], [9, 0, 9, 1, 9, 9, 9], [9, 9, 0, 1, 0, 0, 0], [0, 9, 0, 1, 9, 0, 9], [0, 0, 9, 1, 9, 0, 0]], "output": [[0, 0, 0], [0, 0, 0], [0, 0, 8], [0, 0, 0], [0, 8, 0]]}, {"input": [[9, 0, 0, 1, 0, 0, 9], [0, 9, 9, 1, 9, 9, 9], [0, 0, 0, 1, 0, 0, 0], [9, 0, 0, 1, 9, 0, 0], [9, 0, 0, 1, 0, 0, 9]], "output": [[0, 8, 0], [0, 0, 0], [8, 8, 8], [0, 8, 8], [0, 8, 0]]}, {"input": [[0, 9, 0, 1, 9, 9, 9], [9, 9, 0, 1, 9, 9, 0], [9, 9, 0, 1, 0, 0, 0], [0, 0, 9, 1, 0, 9, 9], [0, 9, 9, 1, 9, 9, 9]], "output": [[0, 0, 0], [0, 0, 8], [0, 0, 8], [8, 0, 0], [0, 0, 0]]}, {"input": [[0, 0, 9, 1, 0, 0, 0], [0, 0, 0, 1, 9, 9, 0], [9, 9, 0, 1, 9, 0, 0], [9, 0, 0, 1, 9, 0, 9], [0, 0, 9, 1, 9, 0, 9]], "output": [[8, 8, 0], [0, 0, 8], [0, 0, 8], [0, 8, 0], [0, 8, 0]]}, {"input": [[0, 9, 0, 1, 9, 0, 0], [0, 9, 9, 1, 9, 0, 0], [9, 9, 0, 1, 9, 9, 0], [9, 0, 9, 1, 9, 0, 9], [9, 9, 0, 1, 0, 0, 0]], "output": [[0, 0, 8], [0, 0, 0], [0, 0, 8], [0, 8, 0], [0, 0, 8]]}, {"input": [[9, 9, 9, 1, 0, 9, 0], [9, 9, 0, 1, 9, 9, 9], [0, 9, 9, 1, 9, 0, 9], [0, 0, 0, 1, 0, 9, 0], [9, 9, 9, 1, 0, 9, 9]], "output": [[0, 0, 0], [0, 0, 0], [0, 0, 0], [8, 0, 8], [0, 0, 0]]}, {"input": [[9, 0, 9, 1, 9, 9, 9], [9, 9, 9, 1, 0, 9, 0], [0, 9, 9, 1, 0, 9, 0], [9, 0, 9, 1, 9, 9, 9], [9, 0, 0, 1, 9, 0, 0]], "output": [[0, 0, 0], [0, 0, 0], [8, 0, 0], [0, 0, 0], [0, 8, 8]]}, {"input": [[0, 9, 0, 1, 0, 0, 0], [0, 0, 9, 1, 0, 0, 0], [0, 9, 9, 1, 0, 9, 0], [0, 0, 9, 1, 0, 0, 0], [0, 0, 0, 1, 0, 9, 9]], "output": [[8, 0, 8], [8, 8, 0], [8, 0, 0], [8, 8, 0], [8, 0, 0]]}, {"input": [[0, 0, 0, 1, 0, 9, 0], [9, 9, 0, 1, 9, 0, 0], [9, 0, 0, 1, 0, 0, 9], [9, 9, 9, 1, 9, 9, 0], [9, 0, 0, 1, 0, 0, 0]], "output": [[8, 0, 8], [0, 0, 8], [0, 8, 0], [0, 0, 0], [0, 8, 8]]}, {"input": [[9, 9, 0, 1, 0, 0, 9], [9, 0, 9, 1, 9, 9, 9], [9, 9, 0, 1, 0, 9, 0], [9, 9, 9, 1, 0, 9, 0], [9, 0, 0, 1, 0, 9, 0]], "output": [[0, 0, 0], [0, 0, 0], [0, 0, 8], [0, 0, 0], [0, 0, 8]]}, {"input": [[0, 0, 0, 1, 9, 9, 0], [9, 0, 0, 1, 0, 9, 9], [0, 0, 9, 1, 0, 0, 0], [9, 9, 0, 1, 9, 9, 0], [0, 9, 9, 1, 0, 0, 9]], "output": [[0, 0, 8], [0, 0, 0], [8, 8, 0], [0, 0, 8], [8, 0, 0]]}, {"input": [[9, 9, 9, 1, 0, 9, 0], [9, 9, 0, 1, 9, 0, 9], [0, 9, 9, 1, 0, 0, 9], [0, 0, 0, 1, 0, 0, 9], [0, 0, 9, 1, 9, 0, 9]], "output": [[0, 0, 0], [0, 0, 0], [8, 0, 0], [8, 8, 0], [0, 8, 0]]}, {"input": [[9, 0, 9, 1, 9, 9, 0], [0, 9, 9, 1, 9, 0, 9], [0, 0, 0, 1, 0, 9, 0], [0, 9, 0, 1, 0, 0, 9], [0, 0, 0, 1, 0, 9, 9]], "output": [[0, 0, 0], [0, 0, 0], [8, 0, 8], [8, 0, 0], [8, 0, 0]]}, {"input": [[9, 9, 0, 1, 9, 9, 9], [9, 0, 9, 1, 9, 9, 0], [0, 0, 0, 1, 9, 9, 9], [0, 9, 9, 1, 9, 9, 0], [9, 9, 0, 1, 0, 0, 9]], "output": [[0, 0, 0], [0, 0, 0], [0, 0, 0], [0, 0, 0], [0, 0, 0]]}, {"input": [[9, 0, 0, 1, 0, 9, 0], [0, 9, 9, 1, 9, 0, 0], [0, 9, 9, 1, 9, 9, 0], [9, 0, 0, 1, 9, 9, 9], [0, 9, 9, 1, 0, 9, 0]], "output": [[0, 0, 8], [0, 0, 0], [0, 0, 0], [0, 0, 0], [8, 0, 0]]}, {"input": [[9, 0, 0, 1, 0, 9, 9], [0, 9, 9, 1, 0, 9, 9], [9, 0, 0, 1, 0, 0, 0], [0, 0, 0, 1, 0, 9, 0], [0, 9, 0, 1, 9, 9, 0]], "output": [[0, 0, 0], [8, 0, 0], [0, 8, 8], [8, 0, 8], [0, 0, 8]]}, {"input": [[0, 0, 9, 1, 9, 0, 0], [9, 0, 9, 1, 9, 0, 9], [0, 9, 0, 1, 0, 0, 0], [9, 9, 9, 1, 0, 0, 0], [0, 9, 0, 1, 9, 0, 9]], "output": [[0, 8, 0], [0, 8, 0], [8, 0, 8], [0, 0, 0], [0, 0, 0]]}, {"input": [[9, 9, 9, 1, 0, 9, 9], [0, 0, 9, 1, 9, 0, 0], [9, 0, 0, 1, 9, 9, 9], [9, 0, 0, 1, 9, 0, 9], [0, 0, 9, 1, 0, 0, 9]], "output": [[0, 0, 0], [0, 8, 0], [0, 0, 0], [0, 8, 0], [8, 8, 0]]}, {"input": [[0, 9, 9, 1, 0, 9, 9], [0, 0, 9, 1, 0, 9, 0], [0, 9, 9, 1, 0, 0, 0], [9, 0, 0, 1, 9, 0, 0], [0, 0, 0, 1, 0, 9, 0]], "output": [[8, 0, 0], [8, 0, 0], [8, 0, 0], [0, 8, 8], [8, 0, 8]]}, {"input": [[0, 9, 0, 1, 9, 9, 0], [0, 0, 0, 1, 0, 0, 0], [9, 9, 0, 1, 0, 0, 9], [9, 0, 9, 1, 0, 9, 9], [9, 9, 0, 1, 9, 9, 0]], "output": [[0, 0, 8], [8, 8, 8], [0, 0, 0], [0, 0, 0], [0, 0, 8]]}, {"input": [[0, 9, 0, 1, 9, 9, 9], [9, 9, 9, 1, 9, 0, 9], [9, 0, 9, 1, 0, 9, 0], [9, 0, 0, 1, 0, 9, 0], [0, 9, 9, 1, 0, 0, 9]], "output": [[0, 0, 0], [0, 0, 0], [0, 0, 0], [0, 0, 8], [8, 0, 0]]}, {"input": [[0, 9, 9, 1, 9, 9, 9], [9, 9, 0, 1, 0, 0, 0], [9, 0, 9, 1, 0, 9, 9], [9, 9, 9, 1, 9, 9, 9], [9, 0, 0, 1, 9, 9, 0]], "output": [[0, 0, 0], [0, 0, 8], [0, 0, 0], [0, 0, 0], [0, 0, 8]]}, {"input": [[9, 9, 9, 1, 0, 0, 0], [0, 0, 9, 1, 0, 0, 0], [0, 0, 9, 1, 9, 9, 9], [9, 9, 9, 1, 9, 0, 9], [9, 9, 9, 1, 0, 9, 0]], "output": [[0, 0, 0], [8, 8, 0], [0, 0, 0], [0, 0, 0], [0, 0, 0]]}, {"input": [[9, 0, 9, 1, 9, 9, 0], [0, 0, 9, 1, 0, 9, 0], [9, 0, 0, 1, 9, 0, 0], [9, 9, 9, 1, 9, 9, 0], [0, 9, 0, 1, 0, 9, 9]], "output": [[0, 0, 0], [8, 0, 0], [0, 8, 8], [0, 0, 0], [8, 0, 0]]}, {"input": [[9, 0, 0, 1, 9, 0, 0], [9, 0, 9, 1, 0, 0, 0], [0, 9, 9, 1, 0, 0, 0], [9, 9, 0, 1, 0, 0, 0], [9, 0, 9, 1, 0, 0, 0]], "output": [[0, 8, 8], [0, 8, 0], [8, 0, 0], [0, 0, 8], [0, 8, 0]]}, {"input": [[0, 0, 9, 1, 9, 9, 9], [9, 0, 9, 1, 9, 9, 0], [0, 9, 0, 1, 0, 9, 0], [0, 9, 0, 1, 9, 0, 0], [0, 9, 0, 1, 9, 0, 0]], "output": [[0, 0, 0], [0, 0, 0], [8, 0, 8], [0, 0, 8], [0, 0, 8]]}, {"input": [[0, 9, 9, 1, 9, 0, 9], [9, 0, 9, 1, 9, 9, 9], [9, 0, 0, 1, 0, 0, 9], [0, 9, 0, 1, 9, 0, 0], [9, 9, 0, 1, 0, 0, 9]], "output": [[0, 0, 0], [0, 0, 0], [0, 8, 0], [0, 0, 8], [0, 0, 0]]}, {"input": [[9, 0, 0, 1, 9, 9, 9], [9, 0, 0, 1, 0, 9, 9], [9, 9, 9, 1, 0, 9, 9], [0, 9, 0, 1, 0, 9, 0], [9, 0, 0, 1, 9, 9, 9]], "output": [[0, 0, 0], [0, 0, 0], [0, 0, 0], [8, 0, 8], [0, 0, 0]]}, {"input": [[0, 9, 0, 1, 9, 9, 9], [9, 0, 9, 1, 0, 9, 9], [9, 0, 9, 1, 0, 0, 0], [0, 0, 0, 1, 0, 0, 0], [9, 0, 0, 1, 9, 9, 9]], "output": [[0, 0, 0], [0, 0, 0], [0, 8, 0], [8, 8, 8], [0, 0, 0]]}, {"input": [[0, 0, 9, 1, 0, 9, 9], [9, 0, 0, 1, 0, 9, 9], [0, 0, 0, 1, 0, 9, 0], [9, 9, 9, 1, 9, 0, 0], [0, 9, 0, 1, 9, 0, 0]], "output": [[8, 0, 0], [0, 0, 0], [8, 0, 8], [0, 0, 0], [0, 0, 8]]}, {"input": [[0, 9, 0, 1, 9, 9, 0], [9, 9, 0, 1, 0, 0, 0], [9, 9, 9, 1, 9, 0, 0], [0, 0, 9, 1, 0, 9, 9], [0, 0, 9, 1, 9, 0, 9]], "output": [[0, 0, 8], [0, 0, 8], [0, 0, 0], [8, 0, 0], [0, 8, 0]]}, {"input": [[9, 0, 0, 1, 9, 0, 9], [9, 9, 0, 1, 0, 0, 9], [9, 9, 9, 1, 9, 0, 0], [0, 9, 9, 1, 0, 9, 0], [9, 9, 9, 1, 9, 0, 0]], "output": [[0, 8, 0], [0, 0, 0], [0, 0, 0], [8, 0, 0], [0, 0, 0]]}, {"input": [[9, 9, 9, 1, 9, 0, 0], [9, 0, 9, 1, 9, 0, 9], [9, 0, 0, 1, 0, 0, 9], [9, 0, 9, 1, 9, 9, 9], [0, 0, 9, 1, 0, 0, 9]], "output": [[0, 0, 0], [0, 8, 0], [0, 8, 0], [0, 0, 0], [8, 8, 0]]}, {"input": [[0, 9, 0, 1, 0, 0, 0], [9, 9, 0, 1, 9, 9, 9], [0, 0, 0, 1, 0, 0, 9], [9, 9, 0, 1, 9, 9, 0], [0, 0, 0, 1, 0, 0, 0]], "output": [[8, 0, 8], [0, 0, 0], [8, 8, 0], [0, 0, 8], [8, 8, 8]]}, {"input": [[0, 9, 9, 1, 0, 9, 9], [0, 9, 0, 1, 0, 0, 0], [0, 9, 9, 1, 9, 9, 0], [9, 9, 9, 1, 0, 0, 9], [0, 0, 9, 1, 0, 9, 0]], "output": [[8, 0, 0], [8, 0, 8], [0, 0, 0], [0, 0, 0], [8, 0, 0]]}, {"input": [[9, 9, 0, 1, 9, 9, 9], [9, 0, 0, 1, 9, 9, 0], [0, 0, 0, 1, 0, 9, 9], [9, 0, 0, 1, 0, 0, 9], [0, 9, 0, 1, 9, 9, 9]], "output": [[0, 0, 0], [0, 0, 8], [8, 0, 0], [0, 8, 0], [0, 0, 0]]}, {"input": [[0, 0, 0, 1, 0, 0, 9], [9, 0, 0, 1, 0, 9, 9], [0, 0, 9, 1, 9, 9, 9], [9, 0, 9, 1, 0, 9, 9], [9, 0, 9, 1, 0, 0, 0]], "output": [[8, 8, 0], [0, 0, 0], [0, 0, 0], [0, 0, 0], [0, 8, 0]]}, {"input": [[9, 9, 9, 1, 0, 0, 9], [9, 9, 0, 1, 9, 0, 0], [0, 0, 0, 1, 9, 9, 9], [0, 0, 0, 1, 0, 9, 0], [0, 0, 0, 1, 0, 9, 0]], "output": [[0, 0, 0], [0, 0, 8], [0, 0, 0], [8, 0, 8], [8, 0, 8]]}, {"input": [[9, 0, 0, 1, 0, 9, 0], [0, 9, 9, 1, 0, 0, 9], [9, 0, 0, 1, 9, 9, 9], [0, 9, 0, 1, 0, 0, 9], [0, 9, 0, 1, 0, 0, 0]], "output": [[0, 0, 8], [8, 0, 0], [0, 0, 0], [8, 0, 0], [8, 0, 8]]}, {"input": [[0, 9, 0, 1, 0, 0, 0], [9, 9, 9, 1, 0, 9, 9], [9, 9, 9, 1, 0, 0, 9], [9, 9, 9, 1, 9, 9, 0], [0, 0, 0, 1, 0, 9, 0]], "output": [[8, 0, 8], [0, 0, 0], [0, 0, 0], [0, 0, 0], [8, 0, 8]]}, {"input": [[0, 0, 0, 1, 0, 0, 9], [9, 0, 0, 1, 0, 0, 9], [9, 0, 9, 1, 0, 0, 0], [0, 9, 0, 1, 0, 9, 0], [9, 0, 0, 1, 9, 9, 9]], "output": [[8, 8, 0], [0, 8, 0], [0, 8, 0], [8, 0, 8], [0, 0, 0]]}, {"input": [[9, 9, 9, 1, 9, 9, 0], [0, 9, 9, 1, 9, 0, 9], [0, 0, 0, 1, 0, 0, 9], [9, 0, 0, 1, 0, 9, 9], [0, 9, 9, 1, 9, 9, 9]], "output": [[0, 0, 0], [0, 0, 0], [8, 8, 0], [0, 0, 0], [0, 0, 0]]}, {"input": [[0, 9, 0, 1, 0, 0, 9], [0, 0, 9, 1, 0, 9, 0], [9, 9, 9, 1, 9, 9, 0], [9, 9, 0, 1, 9, 9, 9], [0, 0, 0, 1, 0, 0, 9]], "output": [[8, 0, 0], [8, 0, 0], [0, 0, 0], [0, 0, 0], [8, 8, 0]]}, {"input": [[0, 0, 9, 1, 0, 0, 9], [0, 9, 9, 1, 9, 0, 9], [0, 9, 9, 1, 9, 9, 9], [9, 9, 9, 1, 9, 0, 9], [0, 9, 0, 1, 0, 0, 9]], "output": [[8, 8, 0], [0, 0, 0], [0, 0, 0], [0, 0, 0], [8, 0, 0]]}, {"input": [[9, 0, 9, 1, 0, 9, 9], [9, 9, 0, 1, 0, 9, 0], [0, 9, 0, 1, 0, 9, 0], [0, 9, 9, 1, 0, 0, 0], [9, 0, 0, 1, 0, 9, 0]], "output": [[0, 0, 0], [0, 0, 8], [8, 0, 8], [8, 0, 0], [0, 0, 8]]}, {"input": [[0, 0, 9, 1, 9, 0, 9], [9, 9, 0, 1, 0, 9, 9], [9, 0, 9, 1, 0, 9, 9], [9, 9, 0, 1, 9, 9, 0], [0, 9, 0, 1, 9, 9, 0]], "output": [[0, 8, 0], [0, 0, 0], [0, 0, 0], [0, 0, 8], [0, 0, 8]]}, {"input": [[0, 9, 0, 1, 0, 0, 0], [9, 0, 0, 1, 0, 9, 0], [0, 0, 9, 1, 9, 0, 0], [0, 9, 0, 1, 9, 9, 0], [9, 9, 0, 1, 0, 0, 0]], "output": [[8, 0, 8], [0, 0, 8], [0, 8, 0], [0, 0, 8], [0, 0, 8]]}, {"input": [[0, 9, 9, 1, 0, 0, 0], [0, 0, 9, 1, 0, 9, 9], [9, 0, 9, 1, 9, 0, 0], [9, 9, 0, 1, 0, 0, 0], [9, 9, 9, 1, 9, 9, 9]], "output": [[8, 0, 0], [8, 0, 0], [0, 8, 0], [0, 0, 8], [0, 0, 0]]}, {"input": [[9, 9, 0, 1, 0, 0, 9], [0, 9, 0, 1, 9, 9, 9], [0, 9, 9, 1, 0, 0, 9], [0, 0, 0, 1, 0, 0, 0], [9, 0, 0, 1, 0, 0, 0]], "output": [[0, 0, 0], [0, 0, 0], [8, 0, 0], [8, 8, 8], [0, 8, 8]]}, {"input": [[9, 0, 0, 1, 9, 0, 9], [9, 0, 9, 1, 9, 0, 9], [9, 0, 9, 1, 9, 0, 9], [0, 9, 0, 1, 9, 0, 0], [9, 9, 9, 1, 0, 0, 0]], "output": [[0, 8, 0], [0, 8, 0], [0, 8, 0], [0, 0, 8], [0, 0, 0]]}, {"input": [[9, 9, 0, 1, 0, 9, 9], [9, 9, 9, 1, 9, 0, 9], [0, 9, 0, 1, 9, 0, 0], [0, 9, 9, 1, 9, 9, 0], [0, 0, 9, 1, 0, 9, 9]], "output": [[0, 0, 0], [0, 0, 0], [0, 0, 8], [0, 0, 0], [8, 0, 0]]}, {"input": [[0, 9, 0, 1, 9, 9, 0], [0, 0, 9, 1, 0, 9, 0], [0, 9, 0, 1, 0, 9, 9], [0, 9, 0, 1, 9, 0, 9], [0, 9, 0, 1, 0, 0, 9]], "output": [[0, 0, 8], [8, 0, 0], [8, 0, 0], [0, 0, 0], [8, 0, 0]]}, {"input": [[9, 9, 0, 1, 0, 9, 9], [9, 9, 9, 1, 9, 0, 0], [0, 9, 9, 1, 0, 9, 9], [9, 0, 0, 1, 9, 0, 0], [9, 0, 0, 1, 0, 9, 9]], "output": [[0, 0, 0], [0, 0, 0], [8, 0, 0], [0, 8, 8], [0, 0, 0]]}, {"input": [[0, 0, 9, 1, 9, 9, 9], [0, 0, 0, 1, 9, 0, 9], [9, 0, 0, 1, 9, 0, 0], [0, 9, 9, 1, 0, 0, 9], [0, 9, 9, 1, 9, 9, 0]], "output": [[0, 0, 0], [0, 8, 0], [0, 8, 8], [8, 0, 0], [0, 0, 0]]}, {"input": [[0, 9, 9, 1, 0, 9, 0], [9, 0, 9, 1, 0, 0, 0], [9, 9, 0, 1, 9, 0, 9], [0, 9, 0, 1, 0, 0, 9], [0, 9, 9, 1, 0, 0, 9]], "output": [[8, 0, 0], [0, 8, 0], [0, 0, 0], [8, 0, 0], [8, 0, 0]]}, {"input": [[0, 9, 9, 1, 9, 9, 0], [0, 9, 0, 1, 9, 9, 9], [9, 0, 9, 1, 0, 9, 0], [0, 0, 0, 1, 0, 0, 0], [9, 0, 9, 1, 9, 0, 0]], "output": [[0, 0, 0], [0, 0, 0], [0, 0, 0], [8, 8, 8], [0, 8, 0]]}, {"input": [[9, 9, 9, 1, 9, 9, 0], [9, 9, 9, 1, 9, 9, 0], [0, 0, 9, 1, 0, 9, 9], [9, 9, 9, 1, 0, 9, 9], [0, 9, 0, 1, 0, 0, 0]], "output": [[0, 0, 0], [0, 0, 0], [8, 0, 0], [0, 0, 0], [8, 0, 8]]}, {"input": [[9, 9, 0, 1, 9, 0, 0], [9, 9, 0, 1, 0, 9, 9], [0, 0, 9, 1, 9, 0, 0], [0, 0, 0, 1, 9, 0, 0], [9, 0, 9, 1, 9, 0, 0]], "output": [[0, 0, 8], [0, 0, 0], [0, 8, 0], [0, 8, 8], [0, 8, 0]]}, {"input": [[0, 0, 9, 1, 9, 0, 0], [0, 0, 9, 1, 0, 9, 0], [9, 0, 9, 1, 0, 9, 0], [0, 0, 0, 1, 0, 9, 0], [0, 9, 0, 1, 0, 9, 0]], "output": [[0, 8, 0], [8, 0, 0], [0, 0, 0], [8, 0, 8], [8, 0, 8]]}, {"input": [[0, 0, 9, 1, 0, 9, 0], [9, 0, 0, 1, 9, 9, 9], [9, 9, 9, 1, 9, 9, 0], [9, 9, 9, 1, 0, 9, 9], [9, 0, 0, 1, 9, 0, 9]], "output": [[8, 0, 0], [0, 0, 0], [0, 0, 0], [0, 0, 0], [0, 8, 0]]}, {"input": [[0, 0, 0, 1, 0, 0, 0], [9, 9, 9, 1, 9, 0, 9], [0, 0, 0, 1, 9, 9, 9], [9, 0, 0, 1, 9, 9, 0], [0, 9, 0, 1, 9, 9, 9]], "output": [[8, 8, 8], [0, 0, 0], [0, 0, 0], [0, 0, 8], [0, 0, 0]]}, {"input": [[0, 0, 9, 1, 0, 0, 0], [0, 0, 9, 1, 9, 9, 0], [9, 9, 9, 1, 9, 9, 9], [9, 9, 9, 1, 0, 0, 0], [9, 9, 0, 1, 9, 9, 0]], "output": [[8, 8, 0], [0, 0, 0], [0, 0, 0], [0, 0, 0], [0, 0, 8]]}, {"input": [[0, 0, 9, 1, 0, 9, 9], [9, 0, 9, 1, 0, 9, 0], [0, 0, 0, 1, 9, 0, 0], [9, 9, 0, 1, 9, 9, 0], [9, 9, 9, 1, 9, 9, 9]], "output": [[8, 0, 0], [0, 0, 0], [0, 8, 8], [0, 0, 8], [0, 0, 0]]}, {"input": [[9, 0, 0, 1, 0, 0, 0], [9, 0, 0, 1, 0, 0, 0], [9, 0, 9, 1, 9, 0, 9], [9, 0, 0, 1, 9, 0, 9], [0, 9, 0, 1, 0, 0, 0]], "output": [[0, 8, 8], [0, 8, 8], [0, 8, 0], [0, 8, 0], [8, 0, 8]]}, {"input": [[0, 0, 0, 1, 9, 0, 9], [0, 0, 0, 1, 9, 0, 0], [0, 0, 0, 1, 9, 0, 9], [0, 0, 0, 1, 9, 9, 0], [9, 9, 0, 1, 9, 9, 9]], "output": [[0, 8, 0], [0, 8, 8], [0, 8, 0], [0, 0, 8], [0, 0, 0]]}, {"input": [[9, 9, 0, 1, 0, 0, 9], [0, 9, 0, 1, 9, 9, 0], [0, 0, 0, 1, 9, 0, 0], [9, 9, 9, 1, 0, 9, 9], [0, 9, 9, 1, 9, 9, 9]], "output": [[0, 0, 0], [0, 0, 8], [0, 8, 8], [0, 0, 0], [0, 0, 0]]}, {"input": [[0, 0, 9, 1, 0, 0, 9], [0, 9, 0, 1, 9, 0, 9], [0, 9, 0, 1, 9, 9, 9], [9, 9, 0, 1, 0, 9, 9], [0, 0, 9, 1, 0, 9, 0]], "output": [[8, 8, 0], [0, 0, 0], [0, 0, 0], [0, 0, 0], [8, 0, 0]]}, {"input": [[0, 9, 9, 1, 0, 9, 0], [0, 0, 0, 1, 9, 9, 0], [0, 0, 9, 1, 9, 9, 0], [0, 9, 0, 1, 9, 0, 9], [9, 9, 9, 1, 9, 0, 0]], "output": [[8, 0, 0], [0, 0, 8], [0, 0, 0], [0, 0, 0], [0, 0, 0]]}, {"input": [[0, 0, 9, 1, 9, 9, 0], [9, 0, 9, 1, 9, 9, 9], [9, 9, 9, 1, 0, 9, 9], [9, 9, 9, 1, 0, 9, 0], [0, 0, 0, 1, 9, 0, 0]], "output": [[0, 0, 0], [0, 0, 0], [0, 0, 0], [0, 0, 0], [0, 8, 8]]}, {"input": [[9, 9, 0, 1, 0, 0, 9], [0, 0, 0, 1, 0, 9, 9], [9, 0, 9, 1, 0, 9, 9], [9, 0, 9, 1, 9, 0, 9], [9, 9, 0, 1, 9, 0, 0]], "output": [[0, 0, 0], [8, 0, 0], [0, 0, 0], [0, 8, 0], [0, 0, 8]]}, {"input": [[9, 0, 0, 1, 9, 0, 9], [0, 0, 0, 1, 9, 9, 9], [0, 0, 0, 1, 9, 9, 9], [0, 9, 9, 1, 0, 9, 0], [0, 0, 9, 1, 9, 9, 0]], "output": [[0, 8, 0], [0, 0, 0], [0, 0, 0], [8, 0, 0], [0, 0, 0]]}, {"input": [[0, 0, 9, 1, 9, 9, 9], [0, 9, 0, 1, 9, 9, 0], [9, 0, 0, 1, 0, 0, 0], [0, 0, 0, 1, 0, 9, 0], [0, 9, 9, 1, 9, 0, 9]], "output": [[0, 0, 0], [0, 0, 8], [0, 8, 8], [8, 0, 8], [0, 0, 0]]}, {"input": [[9, 0, 9, 1, 9, 9, 0], [0, 9, 0, 1, 9, 9, 9], [0, 9, 9, 1, 0, 9, 0], [0, 9, 0, 1, 0, 9, 9], [0, 9, 0, 1, 0, 0, 0]], "output": [[0, 0, 0], [0, 0, 0], [8, 0, 0], [8, 0, 0], [8, 0, 8]]}, {"input": [[0, 9, 0, 1, 9, 9, 0], [9, 0, 0, 1, 0, 9, 0], [9, 9, 9, 1, 0, 9, 0], [0, 0, 9, 1, 9, 9, 0], [0, 9, 0, 1, 9, 0, 9]], "output": [[0, 0, 8], [0, 0, 8], [0, 0, 0], [0, 0, 0], [0, 0, 0]]}, {"input": [[0, 9, 9, 1, 9, 9, 9], [9, 9, 9, 1, 0, 9, 0], [9, 9, 9, 1, 9, 9, 9], [9, 0, 0, 1, 9, 0, 9], [0, 0, 9, 1, 0, 0, 0]], "output": [[0, 0, 0], [0, 0, 0], [0, 0, 0], [0, 8, 0], [8, 8, 0]]}, {"input": [[0, 9, 9, 1, 9, 9, 0], [9, 9, 9, 1, 9, 0, 9], [0, 9, 9, 1, 0, 0, 0], [9, 9, 9, 1, 9, 9, 0], [9, 0, 9, 1, 0, 9, 9]], "output": [[0, 0, 0], [0, 0, 0], [8, 0, 0], [0, 0, 0], [0, 0, 0]]}, {"input": [[0, 9, 0, 1, 9, 9, 9], [9, 0, 0, 1, 9, 0, 9], [9, 9, 9, 1, 9, 9, 0], [9, 9, 9, 1, 9, 9, 9], [0, 9, 9, 1, 9, 0, 0]], "output": [[0, 0, 0], [0, 8, 0], [0, 0, 0], [0, 0, 0], [0, 0, 0]]}, {"input": [[0, 0, 0, 1, 0, 9, 9], [0, 9, 9, 1, 9, 0, 9], [9, 0, 9, 1, 0, 9, 0], [0, 0, 0, 1, 9, 9, 0], [9, 0, 9, 1, 9, 9, 9]], "output": [[8, 0, 0], [0, 0, 0], [0, 0, 0], [0, 0, 8], [0, 0, 0]]}, {"input": [[0, 0, 9, 1, 9, 0, 9], [0, 9, 0, 1, 0, 0, 0], [9, 9, 0, 1, 0, 0, 0], [0, 9, 9, 1, 9, 9, 9], [0, 9, 0, 1, 9, 0, 0]], "output": [[0, 8, 0], [8, 0, 8], [0, 0, 8], [0, 0, 0], [0, 0, 8]]}, {"input": [[0, 0, 0, 1, 9, 9, 9], [0, 9, 0, 1, 9, 9, 0], [9, 9, 9, 1, 9, 0, 0], [0, 0, 9, 1, 0, 9, 9], [9, 0, 9, 1, 9, 0, 9]], "output": [[0, 0, 0], [0, 0, 8], [0, 0, 0], [8, 0, 0], [0, 8, 0]]}, {"input": [[9, 9, 0, 1, 0, 0, 0], [9, 9, 0, 1, 0, 9, 0], [0, 9, 9, 1, 9, 9, 0], [9, 9, 0, 1, 9, 0, 0], [0, 0, 9, 1, 9, 9, 0]], "output": [[0, 0, 8], [0, 0, 8], [0, 0, 0], [0, 0, 8], [0, 0, 0]]}, {"input": [[0, 0, 9, 1, 9, 0, 9], [0, 9, 0, 1, 0, 0, 9], [9, 9, 9, 1, 9, 9, 9], [0, 9, 9, 1, 9, 9, 0], [0, 9, 9, 1, 9, 0, 0]], "output": [[0, 8, 0], [8, 0, 0], [0, 0, 0], [0, 0, 0], [0, 0, 0]]}, {"input": [[0, 0, 9, 1, 0, 9, 9], [0, 0, 9, 1, 9, 0, 0], [9, 0, 0, 1, 0, 0, 0], [0, 0, 9, 1, 9, 9, 0], [9, 0, 9, 1, 9, 0, 9]], "output": [[8, 0, 0], [0, 8, 0], [0, 8, 8], [0, 0, 0], [0, 8, 0]]}, {"input": [[0, 9, 9, 1, 9, 9, 9], [9, 9, 9, 1, 9, 0, 0], [0, 9, 9, 1, 9, 9, 0], [0, 0, 9, 1, 9, 0, 9], [9, 9, 0, 1, 0, 0, 0]], "output": [[0, 0, 0], [0, 0, 0], [0, 0, 0], [0, 8, 0], [0, 0, 8]]}, {"input": [[9, 9, 0, 1, 9, 9, 0], [9, 0, 0, 1, 0, 0, 0], [0, 9, 9, 1, 9, 9, 9], [0, 0, 9, 1, 9, 9, 9], [0, 0, 0, 1, 9, 0, 9]], "output": [[0, 0, 8], [0, 8, 8], [0, 0, 0], [0, 0, 0], [0, 8, 0]]}, {"input": [[0, 0, 0, 1, 9, 9, 0], [0, 0, 0, 1, 0, 9, 0], [0, 0, 0, 1, 0, 9, 9], [9, 9, 9, 1, 0, 9, 0], [0, 9, 9, 1, 0, 9, 0]], "output": [[0, 0, 8], [8, 0, 8], [8, 0, 0], [0, 0, 0], [8, 0, 0]]}, {"input": [[9, 9, 0, 1, 9, 0, 9], [0, 9, 0, 1, 9, 0, 0], [0, 0, 9, 1, 9, 0, 0], [0, 0, 9, 1, 0, 9, 9], [0, 9, 0, 1, 9, 0, 0]], "output": [[0, 0, 0], [0, 0, 8], [0, 8, 0], [8, 0, 0], [0, 0, 8]]}, {"input": [[9, 9, 0, 1, 0, 0, 9], [0, 9, 9, 1, 0, 9, 9], [9, 9, 0, 1, 9, 9, 0], [9, 9, 0, 1, 0, 9, 0], [0, 0, 9, 1, 0, 9, 9]], "output": [[0, 0, 0], [8, 0, 0], [0, 0, 8], [0, 0, 8], [8, 0, 0]]}, {"input": [[9, 9, 9, 1, 0, 0, 9], [9, 0, 0, 1, 0, 9, 9], [0, 0, 0, 1, 9, 0, 0], [0, 0, 0, 1, 0, 0, 9], [0, 9, 0, 1, 9, 0, 0]], "output": [[0, 0, 0], [0, 0, 0], [0, 8, 8], [8, 8, 0], [0, 0, 8]]}, {"input": [[9, 0, 9, 1, 9, 9, 0], [0, 0, 0, 1, 0, 9, 9], [9, 9, 0, 1, 9, 0, 9], [9, 0, 0, 1, 9, 9, 9], [9, 9, 0, 1, 0, 0, 9]], "output": [[0, 0, 0], [8, 0, 0], [0, 0, 0], [0, 0, 0], [0, 0, 0]]}, {"input": [[9, 9, 0, 1, 0, 0, 9], [0, 9, 0, 1, 0, 9, 9], [0, 9, 9, 1, 9, 9, 9], [0, 0, 0, 1, 9, 9, 9], [9, 0, 9, 1, 9, 9, 9]], "output": [[0, 0, 0], [8, 0, 0], [0, 0, 0], [0, 0, 0], [0, 0, 0]]}, {"input": [[9, 9, 9, 1, 9, 0, 9], [0, 0, 9, 1, 0, 0, 0], [0, 9, 9, 1, 0, 0, 0], [0, 9, 9, 1, 9, 0, 0], [0, 0, 0, 1, 9, 9, 0]], "output": [[0, 0, 0], [8, 8, 0], [8, 0, 0], [0, 0, 0], [0, 0, 8]]}, {"input": [[9, 0, 9, 1, 9, 0, 0], [0, 0, 9, 1, 0, 0, 9], [0, 9, 9, 1, 0, 0, 0], [9, 9, 9, 1, 0, 9, 9], [9, 9, 0, 1, 9, 9, 9]], "output": [[0, 8, 0], [8, 8, 0], [8, 0, 0], [0, 0, 0], [0, 0, 0]]}, {"input": [[9, 0, 0, 1, 9, 0, 9], [9, 0, 0, 1, 0, 0, 9], [9, 9, 9, 1, 0, 9, 0], [0, 9, 9, 1, 9, 9, 0], [0, 9, 9, 1, 9, 0, 0]], "output": [[0, 8, 0], [0, 8, 0], [0, 0, 0], [0, 0, 0], [0, 0, 0]]}, {"input": [[0, 9, 9, 1, 0, 0, 0], [9, 9, 0, 1, 9, 0, 0], [0, 9, 9, 1, 9, 9, 9], [9, 0, 0, 1, 0, 0, 9], [9, 9, 0, 1, 0, 9, 9]], "output": [[8, 0, 0], [0, 0, 8], [0, 0, 0], [0, 8, 0], [0, 0, 0]]}, {"input": [[9, 0, 0, 1, 9, 0, 9], [0, 9, 0, 1, 9, 0, 9], [0, 9, 0, 1, 9, 9, 0], [9, 9, 0, 1, 0, 9, 0], [9, 0, 9, 1, 9, 9, 9]], "output": [[0, 8, 0], [0, 0, 0], [0, 0, 8], [0, 0, 8], [0, 0, 0]]}, {"input": [[0, 0, 0, 1, 0, 0, 9], [9, 0, 0, 1, 9, 9, 9], [9, 9, 0, 1, 0, 0, 9], [9, 0, 9, 1, 9, 0, 9], [0, 9, 0, 1, 9, 9, 0]], "output": [[8, 8, 0], [0, 0, 0], [0, 0, 0], [0, 8, 0], [0, 0, 8]]}, {"input": [[9, 9, 9, 1, 9, 0, 9], [9, 9, 9, 1, 9, 9, 9], [9, 0, 0, 1, 9, 9, 0], [9, 9, 0, 1, 0, 0, 9], [0, 0, 9, 1, 9, 9, 0]], "output": [[0, 0, 0], [0, 0, 0], [0, 0, 8], [0, 0, 0], [0, 0, 0]]}, {"input": [[9, 9, 0, 1, 0, 9, 0], [0, 9, 0, 1, 0, 0, 9], [9, 0, 0, 1, 0, 0, 9], [0, 0, 9, 1, 0, 0, 9], [0, 9, 0, 1, 0, 0, 0]], "output": [[0, 0, 8], [8, 0, 0], [0, 8, 0], [8, 8, 0], [8, 0, 8]]}, {"input": [[0, 9, 0, 1, 0, 0, 0], [0, 0, 9, 1, 9, 9, 0], [0, 0, 0, 1, 0, 0, 0], [9, 9, 9, 1, 9, 9, 0], [9, 9, 0, 1, 0, 9, 9]], "output": [[8, 0, 8], [0, 0, 0], [8, 8, 8], [0, 0, 0], [0, 0, 0]]}, {"input": [[9, 9, 9, 1, 9, 9, 9], [0, 0, 0, 1, 9, 9, 9], [9, 9, 9, 1, 9, 9, 9], [0, 9, 0, 1, 9, 9, 0], [0, 9, 0, 1, 9, 0, 0]], "output": [[0, 0, 0], [0, 0, 0], [0, 0, 0], [0, 0, 8], [0, 0, 8]]}, {"input": [[9, 0, 0, 1, 9, 0, 0], [9, 9, 9, 1, 0, 9, 9], [9, 9, 0, 1, 9, 9, 0], [9, 0, 9, 1, 9, 0, 9], [0, 9, 0, 1, 9, 9, 0]], "output": [[0, 8, 8], [0, 0, 0], [0, 0, 8], [0, 8, 0], [0, 0, 8]]}, {"input": [[9, 0, 0, 1, 9, 0, 0], [9, 9, 9, 1, 9, 0, 0], [9, 9, 0, 1, 0, 0, 9], [0, 0, 0, 1, 0, 9, 9], [9, 9, 9, 1, 9, 9, 9]], "output": [[0, 8, 8], [0, 0, 0], [0, 0, 0], [8, 0, 0], [0, 0, 0]]}, {"input": [[9, 9, 0, 1, 0, 9, 9], [9, 9, 9, 1, 0, 0, 9], [0, 0, 0, 1, 0, 0, 0], [9, 0, 9, 1, 0, 9, 0], [9, 0, 9, 1, 0, 9, 0]], "output": [[0, 0, 0], [0, 0, 0], [8, 8, 8], [0, 0, 0], [0, 0, 0]]}, {"input": [[0, 9, 9, 1, 9, 0, 9], [9, 9, 9, 1, 0, 9, 9], [9, 0, 9, 1, 9, 9, 0], [0, 0, 9, 1, 9, 9, 0], [0, 0, 9, 1, 9, 9, 0]], "output": [[0, 0, 0], [0, 0, 0], [0, 0, 0], [0, 0, 0], [0, 0, 0]]}, {"input": [[9, 0, 0, 1, 9, 9, 0], [0, 0, 9, 1, 9, 9, 9], [9, 9, 9, 1, 0, 9, 0], [0, 9, 9, 1, 9, 0, 9], [0, 0, 0, 1, 0, 0, 9]], "output": [[0, 0, 8], [0, 0, 0], [0, 0, 0], [0, 0, 0], [8, 8, 0]]}, {"input": [[9, 9, 9, 1, 0, 0, 9], [9, 0, 9, 1, 9, 9, 0], [0, 0, 9, 1, 9, 9, 9], [9, 0, 9, 1, 0, 9, 9], [9, 9, 0, 1, 9, 0, 9]], "output": [[0, 0, 0], [0, 0, 0], [0, 0, 0], [0, 0, 0], [0, 0, 0]]}, {"input": [[9, 9, 9, 1, 9, 0, 9], [9, 0, 0, 1, 0, 0, 0], [9, 9, 9, 1, 9, 0, 0], [0, 0, 9, 1, 0, 9, 9], [0, 9, 9, 1, 9, 0, 9]], "output": [[0, 0, 0], [0, 8, 8], [0, 0, 0], [8, 0, 0], [0, 0, 0]]}, {"input": [[0, 9, 0, 1, 0, 0, 9], [9, 9, 9, 1, 0, 9, 9], [9, 0, 0, 1, 0, 9, 0], [0, 0, 0, 1, 9, 9, 9], [0, 0, 0, 1, 9, 0, 9]], "output": [[8, 0, 0], [0, 0, 0], [0, 0, 8], [0, 0, 0], [0, 8, 0]]}, {"input": [[0, 9, 0, 1, 0, 9, 0], [9, 0, 0, 1, 9, 0, 0], [0, 0, 0, 1, 0, 9, 9], [9, 0, 0, 1, 0, 0, 0], [0, 9, 0, 1, 0, 0, 9]], "output": [[8, 0, 8], [0, 8, 8], [8, 0, 0], [0, 8, 8], [8, 0, 0]]}, {"input": [[9, 9, 0, 1, 9, 9, 0], [9, 9, 9, 1, 0, 0, 9], [9, 9, 9, 1, 0, 0, 0], [9, 0, 9, 1, 0, 9, 9], [0, 9, 0, 1, 9, 9, 9]], "output": [[0, 0, 8], [0, 0, 0], [0, 0, 0], [0, 0, 0], [0, 0, 0]]}, {"input": [[9, 9, 0, 1, 0, 9, 0], [9, 0, 9, 1, 9, 9, 0], [9, 9, 9, 1, 9, 9, 0], [9, 0, 9, 1, 9, 0, 9], [0, 9, 0, 1, 0, 0, 9]], "output": [[0, 0, 8], [0, 0, 0], [0, 0, 0], [0, 8, 0], [8, 0, 0]]}, {"input": [[9, 0, 0, 1, 9, 9, 9], [0, 0, 0, 1, 0, 0, 9], [0, 9, 0, 1, 9, 0, 9], [0, 9, 0, 1, 9, 9, 0], [9, 0, 9, 1, 9, 0, 9]], "output": [[0, 0, 0], [8, 8, 0], [0, 0, 0], [0, 0, 8], [0, 8, 0]]}, {"input": [[0, 9, 9, 1, 0, 0, 0], [9, 9, 9, 1, 9, 9, 0], [0, 0, 0, 1, 9, 9, 0], [0, 0, 0, 1, 0, 0, 0], [0, 0, 0, 1, 9, 9, 9]], "output": [[8, 0, 0], [0, 0, 0], [0, 0, 8], [8, 8, 8], [0, 0, 0]]}, {"input": [[9, 9, 9, 1, 9, 9, 0], [9, 9, 9, 1, 9, 0, 0], [9, 0, 0, 1, 9, 9, 9], [0, 0, 0, 1, 9, 0, 0], [0, 9, 0, 1, 9, 9, 9]], "output": [[0, 0, 0], [0, 0, 0], [0, 0, 0], [0, 8, 8], [0, 0, 0]]}, {"input": [[0, 0, 9, 1, 0, 9, 0], [0, 9, 9, 1, 9, 9, 0], [0, 9, 9, 1, 9, 0, 9], [9, 9, 0, 1, 9, 0, 9], [0, 9, 9, 1, 0, 9, 9]], "output": [[8, 0, 0], [0, 0, 0], [0, 0, 0], [0, 0, 0], [8, 0, 0]]}, {"input": [[9, 0, 0, 1, 0, 9, 0], [9, 9, 0, 1, 9, 9, 9], [0, 0, 0, 1, 0, 0, 9], [0, 9, 0, 1, 9, 9, 9], [0, 9, 0, 1, 0, 0, 0]], "output": [[0, 0, 8], [0, 0, 0], [8, 8, 0], [0, 0, 0], [8, 0, 8]]}, {"input": [[9, 9, 0, 1, 9, 9, 0], [9, 0, 0, 1, 0, 0, 9], [9, 0, 9, 1, 0, 0, 9], [0, 0, 0, 1, 9, 9, 9], [9, 0, 0, 1, 0, 9, 0]], "output": [[0, 0, 8], [0, 8, 0], [0, 8, 0], [0, 0, 0], [0, 0, 8]]}, {"input": [[0, 9, 0, 1, 9, 9, 0], [9, 9, 9, 1, 9, 9, 9], [0, 9, 9, 1, 9, 9, 9], [0, 9, 9, 1, 0, 0, 0], [0, 0, 0, 1, 0, 9, 9]], "output": [[0, 0, 8], [0, 0, 0], [0, 0, 0], [8, 0, 0], [8, 0, 0]]}, {"input": [[9, 9, 0, 1, 9, 9, 0], [9, 0, 9, 1, 9, 0, 9], [9, 0, 9, 1, 0, 0, 0], [9, 0, 0, 1, 0, 0, 9], [0, 0, 0, 1, 0, 0, 9]], "output": [[0, 0, 8], [0, 8, 0], [0, 8, 0], [0, 8, 0], [8, 8, 0]]}, {"input": [[0, 9, 9, 1, 9, 0, 0], [0, 0, 9, 1, 0, 9, 9], [0, 0, 0, 1, 9, 0, 9], [0, 0, 0, 1, 9, 0, 9], [0, 0, 9, 1, 9, 9, 9]], "output": [[0, 0, 0], [8, 0, 0], [0, 8, 0], [0, 8, 0], [0, 0, 0]]}, {"input": [[9, 9, 0, 1, 0, 0, 0], [0, 9, 0, 1, 0, 0, 0], [9, 0, 9, 1, 9, 9, 0], [0, 9, 0, 1, 9, 9, 9], [0, 9, 9, 1, 9, 0, 0]], "output": [[0, 0, 8], [8, 0, 8], [0, 0, 0], [0, 0, 0], [0, 0, 0]]}, {"input": [[9, 0, 0, 1, 0, 9, 9], [0, 9, 9, 1, 9, 0, 0], [0, 0, 0, 1, 0, 0, 0], [0, 9, 0, 1, 0, 9, 9], [0, 0, 0, 1, 0, 0, 9]], "output": [[0, 0, 0], [0, 0, 0], [8, 8, 8], [8, 0, 0], [8, 8, 0]]}, {"input": [[0, 9, 0, 1, 9, 0, 9], [0, 9, 0, 1, 9, 0, 0], [0, 0, 9, 1, 9, 9, 0], [0, 9, 9, 1, 9, 0, 9], [0, 0, 9, 1, 9, 9, 0]], "output": [[0, 0, 0], [0, 0, 8], [0, 0, 0], [0, 0, 0], [0, 0, 0]]}, {"input": [[0, 9, 0, 1, 9, 0, 9], [0, 0, 9, 1, 9, 9, 9], [0, 9, 9, 1, 0, 0, 9], [9, 9, 9, 1, 9, 9, 0], [9, 0, 9, 1, 0, 9, 0]], "output": [[0, 0, 0], [0, 0, 0], [8, 0, 0], [0, 0, 0], [0, 0, 0]]}, {"input": [[0, 9, 0, 1, 0, 9, 9], [0, 0, 9, 1, 0, 9, 0], [9, 0, 0, 1, 0, 0, 9], [0, 0, 9, 1, 9, 9, 0], [0, 9, 0, 1, 0, 0, 0]], "output": [[8, 0, 0], [8, 0, 0], [0, 8, 0], [0, 0, 0], [8, 0, 8]]}, {"input": [[9, 9, 0, 1, 0, 9, 0], [9, 0, 9, 1, 0, 9, 9], [0, 9, 0, 1, 9, 9, 9], [0, 9, 0, 1, 0, 9, 9], [0, 0, 0, 1, 0, 0, 0]], "output": [[0, 0, 8], [0, 0, 0], [0, 0, 0], [8, 0, 0], [8, 8, 8]]}, {"input": [[9, 0, 9, 1, 9, 0, 0], [0, 9, 9, 1, 0, 0, 9], [0, 9, 0, 1, 9, 0, 9], [9, 9, 9, 1, 9, 0, 0], [0, 0, 0, 1, 9, 9, 9]], "output": [[0, 8, 0], [8, 0, 0], [0, 0, 0], [0, 0, 0], [0, 0, 0]]}, {"input": [[0, 9, 0, 1, 0, 9, 9], [9, 9, 0, 1, 0, 0, 0], [9, 9, 9, 1, 9, 9, 0], [9, 9, 0, 1, 0, 9, 0], [9, 0, 0, 1, 0, 0, 0]], "output": [[8, 0, 0], [0, 0, 8], [0, 0, 0], [0, 0, 8], [0, 8, 8]]}, {"input": [[0, 9, 0, 1, 0, 9, 0], [0, 0, 9, 1, 0, 9, 9], [0, 9, 9, 1, 0, 0, 9], [0, 9, 0, 1, 0, 0, 9], [9, 0, 9, 1, 9, 9, 0]], "output": [[8, 0, 8], [8, 0, 0], [8, 0, 0], [8, 0, 0], [0, 0, 0]]}, {"input": [[0, 0, 9, 1, 0, 0, 9], [9, 0, 9, 1, 9, 0, 0], [9, 0, 9, 1, 0, 9, 0], [9, 0, 9, 1, 9, 9, 9], [0, 9, 9, 1, 9, 0, 9]], "output": [[8, 8, 0], [0, 8, 0], [0, 0, 0], [0, 0, 0], [0, 0, 0]]}, {"input": [[0, 9, 0, 1, 9, 0, 9], [0, 0, 0, 1, 9, 0, 0], [0, 0, 0, 1, 0, 0, 9], [0, 9, 0, 1, 9, 9, 0], [0, 9, 9, 1, 9, 0, 0]], "output": [[0, 0, 0], [0, 8, 8], [8, 8, 0], [0, 0, 8], [0, 0, 0]]}, {"input": [[9, 0, 0, 1, 9, 0, 0], [9, 9, 9, 1, 9, 0, 9], [0, 0, 9, 1, 9, 9, 9], [0, 0, 0, 1, 9, 9, 0], [0, 0, 9, 1, 0, 9, 0]], "output": [[0, 8, 8], [0, 0, 0], [0, 0, 0], [0, 0, 8], [8, 0, 0]]}, {"input": [[0, 0, 0, 1, 9, 9, 9], [9, 9, 0, 1, 9, 0, 0], [0, 9, 0, 1, 9, 9, 0], [0, 9, 9, 1, 9, 0, 0], [0, 0, 0, 1, 9, 9, 0]], "output": [[0, 0, 0], [0, 0, 8], [0, 0, 8], [0, 0, 0], [0, 0, 8]]}, {"input": [[9, 9, 9, 1, 0, 0, 9], [0, 9, 9, 1, 0, 0, 9], [0, 9, 9, 1, 9, 0, 9], [9, 0, 0, 1, 0, 9, 9], [0, 9, 9, 1, 9, 9, 0]], "output": [[0, 0, 0], [8, 0, 0], [0, 0, 0], [0, 0, 0], [0, 0, 0]]}, {"input": [[0, 9, 9, 1, 9, 9, 0], [0, 9, 9, 1, 9, 9, 9], [0, 0, 9, 1, 0, 0, 9], [0, 9, 9, 1, 9, 0, 9], [9, 9, 9, 1, 9, 9, 9]], "output": [[0, 0, 0], [0, 0, 0], [8, 8, 0], [0, 0, 0], [0, 0, 0]]}, {"input": [[0, 9, 0, 1, 9, 9, 0], [0, 0, 0, 1, 0, 0, 9], [9, 9, 9, 1, 9, 9, 0], [0, 9, 0, 1, 0, 9, 0], [0, 0, 0, 1, 9, 0, 9]], "output": [[0, 0, 8], [8, 8, 0], [0, 0, 0], [8, 0, 8], [0, 8, 0]]}, {"input": [[9, 9, 0, 1, 9, 9, 0], [0, 9, 0, 1, 0, 0, 9], [9, 9, 9, 1, 0, 0, 0], [0, 9, 9, 1, 0, 0, 0], [9, 9, 9, 1, 9, 0, 9]], "output": [[0, 0, 8], [8, 0, 0], [0, 0, 0], [8, 0, 0], [0, 0, 0]]}, {"input": [[0, 9, 0, 1, 9, 0, 9], [0, 9, 0, 1, 0, 0, 0], [9, 0, 9, 1, 0, 0, 9], [9, 9, 0, 1, 9, 0, 9], [9, 9, 9, 1, 0, 0, 9]], "output": [[0, 0, 0], [8, 0, 8], [0, 8, 0], [0, 0, 0], [0, 0, 0]]}, {"input": [[9, 0, 9, 1, 9, 0, 0], [9, 9, 0, 1, 9, 0, 9], [9, 0, 0, 1, 0, 0, 9], [9, 9, 9, 1, 0, 0, 0], [0, 9, 9, 1, 0, 0, 0]], "output": [[0, 8, 0], [0, 0, 0], [0, 8, 0], [0, 0, 0], [8, 0, 0]]}, {"input": [[0, 0, 0, 1, 9, 0, 9], [0, 9, 9, 1, 0, 9, 9], [0, 9, 0, 1, 0, 0, 9], [9, 0, 9, 1, 0, 9, 9], [9, 0, 0, 1, 0, 9, 0]], "output": [[0, 8, 0], [8, 0, 0], [8, 0, 0], [0, 0, 0], [0, 0, 8]]}, {"input": [[9, 0, 0, 1, 9, 0, 9], [0, 0, 9, 1, 9, 0, 9], [9, 9, 0, 1, 0, 0, 0], [0, 0, 9, 1, 9, 9, 9], [0, 9, 9, 1, 0, 9, 9]], "output": [[0, 8, 0], [0, 8, 0], [0, 0, 8], [0, 0, 0], [8, 0, 0]]}, {"input": [[9, 0, 9, 1, 0, 0, 9], [0, 0, 9, 1, 0, 9, 9], [9, 0, 9, 1, 0, 0, 9], [9, 9, 9, 1, 0, 0, 9], [9, 0, 0, 1, 9, 0, 9]], "output": [[0, 8, 0], [8, 0, 0], [0, 8, 0], [0, 0, 0], [0, 8, 0]]}, {"input": [[0, 0, 0, 1, 9, 0, 9], [9, 9, 0, 1, 9, 0, 9], [9, 0, 0, 1, 0, 0, 9], [0, 0, 0, 1, 9, 0, 9], [9, 9, 9, 1, 0, 9, 0]], "output": [[0, 8, 0], [0, 0, 0], [0, 8, 0], [0, 8, 0], [0, 0, 0]]}, {"input": [[9, 0, 0, 1, 9, 9, 0], [0, 0, 9, 1, 0, 0, 0], [0, 9, 9, 1, 9, 9, 9], [9, 0, 9, 1, 0, 9, 9], [0, 9, 9, 1, 9, 9, 9]], "output": [[0, 0, 8], [8, 8, 0], [0, 0, 0], [0, 0, 0], [0, 0, 0]]}, {"input": [[0, 0, 9, 1, 0, 0, 9], [9, 9, 9, 1, 9, 9, 9], [9, 0, 0, 1, 0, 9, 9], [9, 9, 9, 1, 9, 9, 0], [9, 0, 9, 1, 0, 9, 0]], "output": [[8, 8, 0], [0, 0, 0], [0, 0, 0], [0, 0, 0], [0, 0, 0]]}, {"input": [[9, 0, 0, 1, 0, 0, 0], [0, 0, 0, 1, 0, 0, 0], [9, 0, 9, 1, 0, 0, 9], [0, 0, 0, 1, 9, 9, 0], [0, 9, 9, 1, 9, 0, 0]], "output": [[0, 8, 8], [8, 8, 8], [0, 8, 0], [0, 0, 8], [0, 0, 0]]}, {"input": [[9, 0, 0, 1, 0, 0, 0], [9, 0, 9, 1, 9, 0, 0], [9, 9, 9, 1, 0, 0, 9], [9, 0, 9, 1, 0, 0, 9], [9, 0, 0, 1, 9, 9, 9]], "output": [[0, 8, 8], [0, 8, 0], [0, 0, 0], [0, 8, 0], [0, 0, 0]]}, {"input": [[9, 9, 9, 1, 0, 0, 0], [9, 0, 0, 1, 0, 9, 9], [0, 9, 9, 1, 9, 0, 9], [9, 0, 0, 1, 9, 0, 0], [9, 9, 9, 1, 0, 9, 9]], "output": [[0, 0, 0], [0, 0, 0], [0, 0, 0], [0, 8, 8], [0, 0, 0]]}, {"input": [[0, 9, 0, 1, 9, 0, 0], [0, 9, 0, 1, 9, 0, 0], [0, 9, 9, 1, 0, 0, 9], [0, 9, 9, 1, 0, 9, 0], [0, 9, 9, 1, 9, 0, 0]], "output": [[0, 0, 8], [0, 0, 8], [8, 0, 0], [8, 0, 0], [0, 0, 0]]}, {"input": [[9, 0, 0, 1, 0, 0, 0], [0, 9, 0, 1, 0, 9, 0], [9, 0, 9, 1, 9, 9, 0], [9, 9, 0, 1, 0, 9, 0], [0, 9, 0, 1, 0, 9, 0]], "output": [[0, 8, 8], [8, 0, 8], [0, 0, 0], [0, 0, 8], [8, 0, 8]]}, {"input": [[0, 9, 0, 1, 0, 9, 0], [9, 0, 9, 1, 0, 9, 0], [0, 9, 0, 1, 0, 9, 0], [9, 0, 0, 1, 9, 0, 0], [0, 0, 9, 1, 9, 9, 9]], "output": [[8, 0, 8], [0, 0, 0], [8, 0, 8], [0, 8, 8], [0, 0, 0]]}, {"input": [[9, 9, 9, 1, 0, 9, 9], [9, 0, 0, 1, 0, 9, 9], [0, 0, 9, 1, 9, 9, 9], [0, 0, 9, 1, 9, 0, 9], [0, 0, 0, 1, 9, 0, 9]], "output": [[0, 0, 0], [0, 0, 0], [0, 0, 0], [0, 8, 0], [0, 8, 0]]}, {"input": [[9, 9, 9, 1, 0, 0, 0], [9, 9, 9, 1, 0, 0, 0], [9, 0, 9, 1, 9, 9, 0], [0, 9, 0, 1, 0, 0, 9], [9, 0, 0, 1, 0, 0, 0]], "output": [[0, 0, 0], [0, 0, 0], [0, 0, 0], [8, 0, 0], [0, 8, 8]]}, {"input": [[9, 0, 0, 1, 9, 0, 0], [9, 9, 9, 1, 9, 9, 0], [9, 9, 9, 1, 0, 0, 0], [0, 9, 0, 1, 0, 9, 9], [9, 0, 9, 1, 0, 0, 0]], "output": [[0, 8, 8], [0, 0, 0], [0, 0, 0], [8, 0, 0], [0, 8, 0]]}, {"input": [[9, 9, 9, 1, 9, 9, 0], [9, 0, 0, 1, 0, 0, 0], [9, 0, 0, 1, 9, 0, 0], [9, 9, 9, 1, 9, 9, 0], [9, 0, 0, 1, 0, 9, 9]], "output": [[0, 0, 0], [0, 8, 8], [0, 8, 8], [0, 0, 0], [0, 0, 0]]}, {"input": [[9, 9, 9, 1, 0, 0, 9], [9, 0, 9, 1, 9, 0, 9], [9, 9, 9, 1, 9, 9, 9], [9, 9, 9, 1, 0, 9, 0], [9, 0, 0, 1, 9, 9, 0]], "output": [[0, 0, 0], [0, 8, 0], [0, 0, 0], [0, 0, 0], [0, 0, 8]]}, {"input": [[0, 9, 0, 1, 9, 0, 9], [9, 9, 0, 1, 0, 0, 9], [9, 0, 0, 1, 9, 9, 9], [0, 9, 0, 1, 9, 0, 9], [9, 0, 0, 1, 0, 0, 9]], "output": [[0, 0, 0], [0, 0, 0], [0, 0, 0], [0, 0, 0], [0, 8, 0]]}, {"input": [[0, 0, 0, 1, 0, 0, 0], [9, 9, 9, 1, 9, 9, 0], [0, 0, 9, 1, 0, 0, 0], [9, 0, 9, 1, 0, 9, 0], [0, 0, 0, 1, 0, 0, 0]], "output": [[8, 8, 8], [0, 0, 0], [8, 8, 0], [0, 0, 0], [8, 8, 8]]}, {"input": [[9, 0, 0, 1, 9, 9, 9], [0, 9, 0, 1, 0, 0, 9], [0, 9, 0, 1, 9, 9, 0], [0, 9, 9, 1, 0, 0, 0], [0, 0, 0, 1, 0, 9, 9]], "output": [[0, 0, 0], [8, 0, 0], [0, 0, 8], [8, 0, 0], [8, 0, 0]]}, {"input": [[9, 9, 9, 1, 0, 9, 0], [0, 0, 9, 1, 0, 9, 9], [0, 9, 9, 1, 0, 9, 0], [9, 0, 9, 1, 0, 9, 0], [0, 0, 0, 1, 9, 0, 0]], "output": [[0, 0, 0], [8, 0, 0], [8, 0, 0], [0, 0, 0], [0, 8, 8]]}, {"input": [[9, 0, 0, 1, 9, 9, 9], [9, 0, 9, 1, 0, 9, 0], [9, 0, 9, 1, 9, 9, 0], [0, 0, 0, 1, 9, 9, 9], [9, 0, 9, 1, 9, 9, 9]], "output": [[0, 0, 0], [0, 0, 0], [0, 0, 0], [0, 0, 0], [0, 0, 0]]}, {"input": [[0, 9, 0, 1, 9, 0, 9], [0, 0, 0, 1, 0, 0, 0], [0, 0, 0, 1, 0, 0, 0], [9, 9, 9, 1, 9, 9, 9], [0, 9, 9, 1, 9, 0, 9]], "output": [[0, 0, 0], [8, 8, 8], [8, 8, 8], [0, 0, 0], [0, 0, 0]]}, {"input": [[9, 9, 9, 1, 0, 0, 9], [9, 0, 0, 1, 9, 9, 9], [9, 9, 9, 1, 0, 0, 0], [9, 9, 9, 1, 0, 0, 0], [9, 0, 9, 1, 9, 0, 9]], "output": [[0, 0, 0], [0, 0, 0], [0, 0, 0], [0, 0, 0], [0, 8, 0]]}, {"input": [[0, 9, 9, 1, 0, 9, 9], [0, 0, 9, 1, 0, 9, 0], [0, 9, 9, 1, 0, 9, 0], [9, 9, 0, 1, 9, 9, 0], [9, 0, 9, 1, 9, 9, 9]], "output": [[8, 0, 0], [8, 0, 0], [8, 0, 0], [0, 0, 8], [0, 0, 0]]}, {"input": [[9, 0, 0, 1, 0, 9, 9], [0, 9, 9, 1, 9, 0, 9], [9, 9, 9, 1, 0, 0, 0], [9, 9, 0, 1, 0, 9, 0], [9, 0, 0, 1, 0, 0, 9]], "output": [[0, 0, 0], [0, 0, 0], [0, 0, 0], [0, 0, 8], [0, 8, 0]]}, {"input": [[0, 0, 0, 1, 0, 0, 9], [9, 9, 0, 1, 0, 9, 0], [9, 9, 9, 1, 9, 0, 0], [9, 0, 9, 1, 0, 0, 0], [0, 9, 9, 1, 9, 0, 9]], "output": [[8, 8, 0], [0, 0, 8], [0, 0, 0], [0, 8, 0], [0, 0, 0]]}, {"input": [[0, 9, 9, 1, 0, 0, 9], [9, 9, 9, 1, 9, 0, 9], [0, 9, 0, 1, 0, 0, 9], [0, 0, 0, 1, 9, 9, 9], [9, 0, 0, 1, 9, 0, 0]], "output": [[8, 0, 0], [0, 0, 0], [8, 0, 0], [0, 0, 0], [0, 8, 8]]}, {"input": [[9, 9, 0, 1, 9, 0, 0], [9, 0, 9, 1, 9, 9, 0], [9, 9, 0, 1, 9, 9, 9], [0, 9, 0, 1, 0, 0, 0], [0, 9, 0, 1, 0, 9, 0]], "output": [[0, 0, 8], [0, 0, 0], [0, 0, 0], [8, 0, 8], [8, 0, 8]]}, {"input": [[9, 0, 9, 1, 0, 0, 9], [9, 0, 9, 1, 0, 9, 0], [0, 9, 9, 1, 9, 0, 9], [0, 9, 0, 1, 9, 9, 0], [0, 0, 0, 1, 9, 0, 0]], "output": [[0, 8, 0], [0, 0, 0], [0, 0, 0], [0, 0, 8], [0, 8, 8]]}, {"input": [[9, 0, 9, 1, 0, 0, 0], [0, 9, 9, 1, 0, 9, 9], [9, 9, 0, 1, 0, 0, 9], [9, 0, 9, 1, 9, 9, 9], [0, 9, 9, 1, 9, 9, 0]], "output": [[0, 8, 0], [8, 0, 0], [0, 0, 0], [0, 0, 0], [0, 0, 0]]}, {"input": [[0, 0, 0, 1, 0, 0, 9], [0, 0, 9, 1, 0, 9, 0], [0, 0, 0, 1, 9, 0, 0], [9, 9, 0, 1, 0, 9, 0], [0, 9, 0, 1, 0, 0, 9]], "output": [[8, 8, 0], [8, 0, 0], [0, 8, 8], [0, 0, 8], [8, 0, 0]]}, {"input": [[9, 0, 0, 1, 0, 9, 9], [9, 9, 9, 1, 0, 0, 0], [0, 0, 9, 1, 9, 0, 9], [0, 0, 9, 1, 0, 9, 0], [0, 0, 0, 1, 0, 0, 9]], "output": [[0, 0, 0], [0, 0, 0], [0, 8, 0], [8, 0, 0], [8, 8, 0]]}, {"input": [[9, 9, 9, 1, 9, 9, 9], [9, 9, 9, 1, 0, 0, 9], [9, 0, 9, 1, 9, 9, 0], [9, 9, 9, 1, 0, 9, 9], [0, 9, 9, 1, 9, 9, 0]], "output": [[0, 0, 0], [0, 0, 0], [0, 0, 0], [0, 0, 0], [0, 0, 0]]}, {"input": [[0, 0, 0, 1, 0, 0, 0], [9, 9, 0, 1, 0, 0, 9], [0, 9, 0, 1, 9, 0, 9], [0, 0, 0, 1, 9, 0, 0], [0, 9, 0, 1, 0, 9, 9]], "output": [[8, 8, 8], [0, 0, 0], [0, 0, 0], [0, 8, 8], [8, 0, 0]]}, {"input": [[0, 9, 0, 1, 0, 0, 9], [0, 0, 9, 1, 0, 9, 9], [0, 9, 0, 1, 9, 0, 9], [0, 0, 0, 1, 9, 9, 0], [0, 9, 9, 1, 9, 0, 9]], "output": [[8, 0, 0], [8, 0, 0], [0, 0, 0], [0, 0, 8], [0, 0, 0]]}, {"input": [[9, 0, 0, 1, 9, 9, 9], [0, 9, 0, 1, 0, 9, 0], [9, 0, 0, 1, 0, 0, 9], [0, 9, 0, 1, 0, 9, 0], [9, 9, 0, 1, 0, 0, 0]], "output": [[0, 0, 0], [8, 0, 8], [0, 8, 0], [8, 0, 8], [0, 0, 8]]}, {"input": [[0, 0, 9, 1, 9, 9, 0], [0, 9, 9, 1, 0, 9, 9], [9, 0, 9, 1, 0, 0, 0], [9, 9, 0, 1, 9, 9, 9], [0, 9, 9, 1, 9, 0, 9]], "output": [[0, 0, 0], [8, 0, 0], [0, 8, 0], [0, 0, 0], [0, 0, 0]]}, {"input": [[0, 9, 0, 1, 0, 0, 9], [9, 0, 0, 1, 9, 0, 0], [0, 9, 9, 1, 0, 9, 9], [0, 0, 0, 1, 0, 0, 0], [9, 0, 9, 1, 0, 9, 9]], "output": [[8, 0, 0], [0, 8, 8], [8, 0, 0], [8, 8, 8], [0, 0, 0]]}, {"input": [[0, 0, 9, 1, 0, 9, 9], [0, 9, 0, 1, 9, 9, 9], [0, 0, 0, 1, 0, 9, 9], [9, 9, 9, 1, 0, 9, 9], [9, 0, 9, 1, 0, 9, 9]], "output": [[8, 0, 0], [0, 0, 0], [8, 0, 0], [0, 0, 0], [0, 0, 0]]}, {"input": [[9, 0, 9, 1, 9, 0, 0], [0, 9, 0, 1, 0, 0, 9], [9, 9, 9, 1, 0, 9, 0], [9, 9, 9, 1, 9, 9, 9], [0, 9, 9, 1, 9, 9, 0]], "output": [[0, 8, 0], [8, 0, 0], [0, 0, 0], [0, 0, 0], [0, 0, 0]]}, {"input": [[9, 0, 0, 1, 9, 9, 9], [0, 9, 0, 1, 0, 9, 9], [0, 9, 9, 1, 9, 0, 0], [0, 0, 0, 1, 9, 9, 0], [9, 9, 9, 1, 0, 9, 0]], "output": [[0, 0, 0], [8, 0, 0], [0, 0, 0], [0, 0, 8], [0, 0, 0]]}, {"input": [[9, 0, 0, 1, 0, 0, 0], [0, 9, 9, 1, 0, 9, 9], [0, 0, 9, 1, 0, 9, 0], [0, 9, 0, 1, 0, 0, 9], [9, 9, 9, 1, 0, 0, 9]], "output": [[0, 8, 8], [8, 0, 0], [8, 0, 0], [8, 0, 0], [0, 0, 0]]}, {"input": [[9, 9, 0, 1, 9, 9, 9], [9, 9, 9, 1, 9, 0, 0], [9, 9, 9, 1, 0, 9, 0], [9, 9, 9, 1, 9, 0, 9], [0, 0, 0, 1, 0, 9, 0]], "output": [[0, 0, 0], [0, 0, 0], [0, 0, 0], [0, 0, 0], [8, 0, 8]]}, {"input": [[0, 9, 9, 1, 0, 0, 9], [0, 9, 0, 1, 0, 9, 9], [9, 9, 0, 1, 9, 0, 9], [9, 0, 9, 1, 0, 9, 9], [9, 0, 9, 1, 9, 9, 9]], "output": [[8, 0, 0], [8, 0, 0], [0, 0, 0], [0, 0, 0], [0, 0, 0]]}, {"input": [[9, 0, 0, 1, 9, 0, 0], [0, 9, 0, 1, 0, 9, 0], [9, 0, 9, 1, 9, 0, 0], [9, 9, 9, 1, 9, 9, 0], [9, 0, 0, 1, 9, 0, 0]], "output": [[0, 8, 8], [8, 0, 8], [0, 8, 0], [0, 0, 0], [0, 8, 8]]}, {"input": [[0, 0, 0, 1, 0, 9, 9], [9, 0, 0, 1, 0, 0, 9], [0, 9, 0, 1, 0, 9, 0], [9, 0, 0, 1, 0, 9, 0], [9, 9, 0, 1, 9, 0, 0]], "output": [[8, 0, 0], [0, 8, 0], [8, 0, 8], [0, 0, 8], [0, 0, 8]]}, {"input": [[9, 0, 0, 1, 9, 9, 0], [0, 9, 0, 1, 9, 9, 9], [9, 9, 0, 1, 9, 9, 0], [9, 0, 9, 1, 0, 9, 0], [0, 9, 9, 1, 9, 9, 9]], "output": [[0, 0, 8], [0, 0, 0], [0, 0, 8], [0, 0, 0], [0, 0, 0]]}, {"input": [[0, 9, 0, 1, 9, 9, 9], [9, 0, 9, 1, 0, 9, 0], [9, 0, 0, 1, 9, 9, 9], [0, 9, 9, 1, 9, 0, 9], [0, 9, 0, 1, 0, 9, 9]], "output": [[0, 0, 0], [0, 0, 0], [0, 0, 0], [0, 0, 0], [8, 0, 0]]}, {"input": [[9, 0, 0, 1, 0, 9, 0], [0, 0, 9, 1, 9, 9, 9], [0, 0, 9, 1, 0, 0, 0], [9, 9, 0, 1, 0, 0, 0], [0, 9, 9, 1, 9, 9, 0]], "output": [[0, 0, 8], [0, 0, 0], [8, 8, 0], [0, 0, 8], [0, 0, 0]]}, {"input": [[9, 9, 9, 1, 0, 9, 0], [0, 0, 9, 1, 0, 9, 9], [9, 9, 0, 1, 9, 9, 0], [9, 0, 9, 1, 0, 0, 9], [0, 0, 9, 1, 0, 9, 0]], "output": [[0, 0, 0], [8, 0, 0], [0, 0, 8], [0, 8, 0], [8, 0, 0]]}, {"input": [[9, 9, 0, 1, 0, 9, 9], [0, 9, 9, 1, 0, 0, 0], [0, 0, 9, 1, 9, 9, 0], [9, 0, 9, 1, 9, 9, 0], [0, 9, 9, 1, 9, 9, 0]], "output": [[0, 0, 0], [8, 0, 0], [0, 0, 0], [0, 0, 0], [0, 0, 0]]}, {"input": [[0, 0, 0, 1, 0, 9, 0], [0, 0, 0, 1, 9, 9, 9], [9, 9, 9, 1, 0, 9, 9], [0, 0, 0, 1, 0, 9, 9], [0, 0, 0, 1, 0, 9, 9]], "output": [[8, 0, 8], [0, 0, 0], [0, 0, 0], [8, 0, 0], [8, 0, 0]]}, {"input": [[9, 0, 9, 1, 9, 9, 9], [0, 9, 9, 1, 0, 9, 9], [9, 0, 0, 1, 9, 0, 9], [0, 0, 0, 1, 0, 9, 9], [0, 9, 9, 1, 0, 0, 0]], "output": [[0, 0, 0], [8, 0, 0], [0, 8, 0], [8, 0, 0], [8, 0, 0]]}, {"input": [[0, 0, 9, 1, 0, 0, 9], [9, 9, 9, 1, 0, 9, 0], [0, 0, 0, 1, 9, 0, 9], [9, 9, 0, 1, 0, 0, 0], [0, 9, 0, 1, 9, 9, 0]], "output": [[8, 8, 0], [0, 0, 0], [0, 8, 0], [0, 0, 8], [0, 0, 8]]}, {"input": [[9, 0, 9, 1, 9, 0, 0], [0, 0, 9, 1, 9, 9, 0], [9, 9, 9, 1, 9, 0, 9], [0, 0, 0, 1, 9, 0, 9], [9, 9, 0, 1, 0, 9, 9]], "output": [[0, 8, 0], [0, 0, 0], [0, 0, 0], [0, 8, 0], [0, 0, 0]]}, {"input": [[9, 0, 9, 1, 9, 0, 0], [0, 0, 0, 1, 0, 9, 0], [9, 9, 9, 1, 9, 9, 0], [0, 0, 0, 1, 0, 0, 0], [0, 0, 9, 1, 0, 9, 9]], "output": [[0, 8, 0], [8, 0, 8], [0, 0, 0], [8, 8, 8], [8, 0, 0]]}, {"input": [[0, 9, 9, 1, 0, 9, 9], [0, 9, 0, 1, 0, 0, 0], [9, 9, 9, 1, 0, 0, 0], [9, 9, 9, 1, 0, 9, 9], [9, 9, 0, 1, 9, 9, 0]], "output": [[8, 0, 0], [8, 0, 8], [0, 0, 0], [0, 0, 0], [0, 0, 8]]}, {"input": [[0, 9, 0, 1, 0, 9, 0], [9, 0, 0, 1, 0, 9, 9], [9, 0, 9, 1, 0, 0, 9], [9, 0, 0, 1, 0, 9, 0], [0, 0, 9, 1, 9, 9, 9]], "output": [[8, 0, 8], [0, 0, 0], [0, 8, 0], [0, 0, 8], [0, 0, 0]]}, {"input": [[0, 0, 9, 1, 0, 0, 0], [0, 0, 0, 1, 0, 0, 0], [9, 9, 0, 1, 9, 0, 0], [9, 9, 0, 1, 0, 0, 9], [9, 9, 0, 1, 9, 0, 0]], "output": [[8, 8, 0], [8, 8, 8], [0, 0, 8], [0, 0, 0], [0, 0, 8]]}, {"input": [[0, 0, 9, 1, 9, 0, 0], [0, 9, 9, 1, 0, 0, 9], [0, 0, 9, 1, 9, 0, 0], [0, 0, 0, 1, 9, 0, 9], [0, 9, 9, 1, 9, 9, 0]], "output": [[0, 8, 0], [8, 0, 0], [0, 8, 0], [0, 8, 0], [0, 0, 0]]}, {"input": [[0, 0, 9, 1, 0, 0, 9], [0, 0, 0, 1, 9, 0, 9], [0, 9, 9, 1, 9, 9, 9], [9, 0, 0, 1, 9, 0, 0], [0, 0, 9, 1, 9, 9, 0]], "output": [[8, 8, 0], [0, 8, 0], [0, 0, 0], [0, 8, 8], [0, 0, 0]]}, {"input": [[0, 9, 9, 1, 9, 0, 0], [0, 9, 0, 1, 0, 9, 9], [0, 0, 0, 1, 0, 9, 9], [0, 0, 9, 1, 0, 0, 0], [9, 9, 9, 1, 0, 0, 9]], "output": [[0, 0, 0], [8, 0, 0], [8, 0, 0], [8, 8, 0], [0, 0, 0]]}, {"input": [[0, 9, 0, 1, 9, 0, 9], [0, 9, 9, 1, 9, 9, 9], [0, 9, 9, 1, 9, 9, 0], [0, 0, 9, 1, 0, 0, 0], [9, 0, 0, 1, 9, 0, 0]], "output": [[0, 0, 0], [0, 0, 0], [0, 0, 0], [8, 8, 0], [0, 8, 8]]}, {"input": [[9, 9, 0, 1, 9, 0, 9], [9, 9, 0, 1, 9, 9, 9], [0, 9, 0, 1, 9, 9, 9], [0, 0, 0, 1, 0, 0, 9], [9, 9, 9, 1, 0, 0, 9]], "output": [[0, 0, 0], [0, 0, 0], [0, 0, 0], [8, 8, 0], [0, 0, 0]]}, {"input": [[9, 0, 9, 1, 0, 0, 9], [9, 9, 0, 1, 0, 9, 0], [9, 9, 0, 1, 0, 0, 9], [9, 0, 0, 1, 9, 9, 9], [0, 0, 9, 1, 0, 0, 9]], "output": [[0, 8, 0], [0, 0, 8], [0, 0, 0], [0, 0, 0], [8, 8, 0]]}, {"input": [[0, 9, 9, 1, 9, 0, 0], [0, 9, 9, 1, 0, 9, 0], [9, 9, 9, 1, 9, 9, 0], [9, 9, 0, 1, 9, 0, 9], [0, 0, 9, 1, 9, 9, 9]], "output": [[0, 0, 0], [8, 0, 0], [0, 0, 0], [0, 0, 0], [0, 0, 0]]}, {"input": [[0, 9, 0, 1, 9, 9, 0], [0, 9, 0, 1, 0, 9, 0], [9, 0, 0, 1, 0, 9, 9], [0, 0, 0, 1, 9, 0, 0], [0, 9, 0, 1, 9, 0, 0]], "output": [[0, 0, 8], [8, 0, 8], [0, 0, 0], [0, 8, 8], [0, 0, 8]]}, {"input": [[0, 0, 9, 1, 0, 0, 9], [0, 9, 0, 1, 0, 9, 0], [0, 9, 0, 1, 9, 9, 9], [0, 9, 0, 1, 9, 0, 9], [0, 0, 9, 1, 9, 9, 0]], "output": [[8, 8, 0], [8, 0, 8], [0, 0, 0], [0, 0, 0], [0, 0, 0]]}, {"input": [[0, 9, 9, 1, 0, 9, 0], [0, 0, 9, 1, 9, 9, 9], [0, 0, 9, 1, 9, 0, 9], [0, 9, 9, 1, 9, 0, 9], [0, 9, 9, 1, 0, 9, 9]], "output": [[8, 0, 0], [0, 0, 0], [0, 8, 0], [0, 0, 0], [8, 0, 0]]}, {"input": [[0, 9, 0, 1, 0, 9, 9], [0, 9, 0, 1, 9, 9, 0], [0, 0, 9, 1, 0, 0, 0], [9, 0, 9, 1, 0, 9, 0], [9, 9, 9, 1, 0, 0, 9]], "output": [[8, 0, 0], [0, 0, 8], [8, 8, 0], [0, 0, 0], [0, 0, 0]]}, {"input": [[9, 0, 0, 1, 9, 0, 9], [9, 9, 0, 1, 9, 0, 0], [0, 0, 0, 1, 9, 9, 0], [0, 0, 9, 1, 9, 9, 9], [0, 0, 9, 1, 0, 0, 0]], "output": [[0, 8, 0], [0, 0, 8], [0, 0, 8], [0, 0, 0], [8, 8, 0]]}, {"input": [[0, 0, 0, 1, 0, 0, 0], [9, 9, 0, 1, 9, 9, 9], [0, 9, 0, 1, 9, 9, 0], [0, 9, 9, 1, 9, 0, 9], [0, 9, 0, 1, 0, 9, 9]], "output": [[8, 8, 8], [0, 0, 0], [0, 0, 8], [0, 0, 0], [8, 0, 0]]}, {"input": [[9, 9, 9, 1, 9, 0, 9], [0, 0, 0, 1, 9, 0, 9], [9, 0, 0, 1, 9, 9, 0], [0, 0, 9, 1, 9, 0, 9], [9, 0, 9, 1, 9, 9, 0]], "output": [[0, 0, 0], [0, 8, 0], [0, 0, 8], [0, 8, 0], [0, 0, 0]]}, {"input": [[0, 0, 9, 1, 9, 0, 0], [0, 9, 9, 1, 9, 0, 0], [9, 9, 9, 1, 0, 0, 0], [9, 0, 0, 1, 9, 0, 9], [9, 0, 0, 1, 0, 0, 9]], "output": [[0, 8, 0], [0, 0, 0], [0, 0, 0], [0, 8, 0], [0, 8, 0]]}, {"input": [[9, 9, 0, 1, 9, 0, 0], [9, 9, 9, 1, 9, 0, 0], [0, 0, 0, 1, 9, 0, 0], [9, 0, 9, 1, 0, 9, 9], [0, 9, 0, 1, 9, 0, 0]], "output": [[0, 0, 8], [0, 0, 0], [0, 8, 8], [0, 0, 0], [0, 0, 8]]}, {"input": [[9, 9, 0, 1, 9, 0, 9], [9, 9, 0, 1, 9, 0, 0], [0, 0, 9, 1, 0, 0, 0], [0, 9, 9, 1, 0, 9, 0], [9, 0, 9, 1, 0, 0, 0]], "output": [[0, 0, 0], [0, 0, 8], [8, 8, 0], [8, 0, 0], [0, 8, 0]]}, {"input": [[0, 0, 9, 1, 9, 0, 0], [9, 9, 0, 1, 9, 9, 9], [0, 0, 0, 1, 0, 0, 9], [0, 9, 0, 1, 0, 9, 9], [0, 0, 0, 1, 9, 9, 9]], "output": [[0, 8, 0], [0, 0, 0], [8, 8, 0], [8, 0, 0], [0, 0, 0]]}, {"input": [[9, 9, 0, 1, 9, 0, 0], [9, 9, 0, 1, 0, 0, 9], [9, 0, 9, 1, 0, 0, 0], [0, 0, 9, 1, 9, 9, 9], [9, 0, 0, 1, 9, 9, 9]], "output": [[0, 0, 8], [0, 0, 0], [0, 8, 0], [0, 0, 0], [0, 0, 0]]}, {"input": [[0, 9, 9, 1, 0, 9, 0], [0, 0, 9, 1, 0, 0, 0], [9, 9, 0, 1, 0, 9, 9], [0, 9, 0, 1, 9, 9, 0], [0, 0, 9, 1, 9, 0, 0]], "output": [[8, 0, 0], [8, 8, 0], [0, 0, 0], [0, 0, 8], [0, 8, 0]]}, {"input": [[0, 9, 0, 1, 9, 0, 9], [0, 9, 0, 1, 9, 0, 9], [0, 0, 9, 1, 0, 0, 9], [9, 0, 9, 1, 9, 9, 0], [9, 9, 9, 1, 0, 9, 0]], "output": [[0, 0, 0], [0, 0, 0], [8, 8, 0], [0, 0, 0], [0, 0, 0]]}, {"input": [[0, 0, 9, 1, 0, 0, 0], [9, 9, 0, 1, 9, 0, 0], [0, 9, 0, 1, 9, 9, 9], [9, 0, 0, 1, 0, 9, 0], [9, 9, 0, 1, 0, 9, 9]], "output": [[8, 8, 0], [0, 0, 8], [0, 0, 0], [0, 0, 8], [0, 0, 0]]}, {"input": [[9, 9, 9, 1, 9, 0, 0], [0, 9, 0, 1, 0, 0, 0], [0, 9, 9, 1, 9, 0, 9], [9, 9, 9, 1, 9, 0, 0], [9, 9, 0, 1, 0, 9, 0]], "output": [[0, 0, 0], [8, 0, 8], [0, 0, 0], [0, 0, 0], [0, 0, 8]]}, {"input": [[9, 9, 0, 1, 9, 9, 9], [0, 9, 0, 1, 0, 0, 9], [0, 0, 0, 1, 0, 9, 9], [9, 9, 9, 1, 0, 9, 0], [9, 9, 0, 1, 0, 0, 9]], "output": [[0, 0, 0], [8, 0, 0], [8, 0, 0], [0, 0, 0], [0, 0, 0]]}, {"input": [[9, 9, 0, 1, 0, 0, 9], [9, 9, 9, 1, 9, 9, 9], [0, 9, 9, 1, 9, 9, 0], [9, 0, 0, 1, 9, 9, 0], [9, 0, 9, 1, 0, 9, 0]], "output": [[0, 0, 0], [0, 0, 0], [0, 0, 0], [0, 0, 8], [0, 0, 0]]}, {"input": [[0, 0, 9, 1, 9, 9, 9], [0, 0, 9, 1, 9, 0, 0], [0, 9, 0, 1, 9, 0, 9], [9, 0, 9, 1, 9, 9, 9], [0, 0, 0, 1, 9, 9, 0]], "output": [[0, 0, 0], [0, 8, 0], [0, 0, 0], [0, 0, 0], [0, 0, 8]]}, {"input": [[0, 9, 0, 1, 9, 0, 9], [9, 9, 9, 1, 0, 9, 9], [0, 0, 9, 1, 0, 0, 9], [0, 9, 9, 1, 9, 9, 0], [9, 0, 9, 1, 0, 0, 0]], "output": [[0, 0, 0], [0, 0, 0], [8, 8, 0], [0, 0, 0], [0, 8, 0]]}, {"input": [[0, 0, 0, 1, 0, 0, 9], [9, 0, 0, 1, 9, 0, 0], [9, 9, 0, 1, 9, 9, 0], [0, 0, 9, 1, 0, 0, 9], [9, 0, 9, 1, 9, 0, 0]], "output": [[8, 8, 0], [0, 8, 8], [0, 0, 8], [8, 8, 0], [0, 8, 0]]}, {"input": [[0, 9, 0, 1, 0, 9, 0], [9, 0, 0, 1, 9, 0, 9], [0, 9, 0, 1, 0, 0, 9], [9, 0, 9, 1, 9, 9, 9], [0, 9, 0, 1, 0, 9, 0]], "output": [[8, 0, 8], [0, 8, 0], [8, 0, 0], [0, 0, 0], [8, 0, 8]]}, {"input": [[9, 0, 9, 1, 0, 9, 0], [9, 0, 9, 1, 9, 9, 0], [9, 9, 0, 1, 0, 9, 9], [0, 9, 0, 1, 9, 9, 0], [9, 9, 9, 1, 9, 0, 0]], "output": [[0, 0, 0], [0, 0, 0], [0, 0, 0], [0, 0, 8], [0, 0, 0]]}, {"input": [[0, 9, 0, 1, 0, 0, 0], [0, 9, 0, 1, 9, 9, 9], [9, 0, 0, 1, 0, 9, 0], [0, 0, 0, 1, 0, 0, 9], [0, 0, 0, 1, 0, 0, 0]], "output": [[8, 0, 8], [0, 0, 0], [0, 0, 8], [8, 8, 0], [8, 8, 8]]}, {"input": [[0, 0, 0, 1, 9, 0, 9], [9, 0, 0, 1, 0, 0, 9], [0, 9, 0, 1, 0, 0, 9], [0, 0, 9, 1, 0, 9, 9], [9, 0, 9, 1, 0, 9, 0]], "output": [[0, 8, 0], [0, 8, 0], [8, 0, 0], [8, 0, 0], [0, 0, 0]]}, {"input": [[0, 9, 0, 1, 9, 9, 9], [0, 9, 0, 1, 9, 9, 9], [0, 0, 0, 1, 0, 0, 0], [9, 0, 0, 1, 0, 9, 9], [0, 9, 0, 1, 0, 0, 0]], "output": [[0, 0, 0], [0, 0, 0], [8, 8, 8], [0, 0, 0], [8, 0, 8]]}, {"input": [[0, 0, 0, 1, 9, 9, 0], [0, 9, 0, 1, 9, 9, 9], [0, 0, 9, 1, 9, 9, 9], [9, 0, 9, 1, 9, 9, 0], [0, 9, 0, 1, 9, 9, 0]], "output": [[0, 0, 8], [0, 0, 0], [0, 0, 0], [0, 0, 0], [0, 0, 8]]}, {"input": [[9, 0, 9, 1, 9, 9, 9], [0, 9, 0, 1, 9, 0, 0], [0, 0, 0, 1, 9, 0, 9], [0, 0, 0, 1, 0, 0, 9], [9, 9, 0, 1, 9, 0, 0]], "output": [[0, 0, 0], [0, 0, 8], [0, 8, 0], [8, 8, 0], [0, 0, 8]]}, {"input": [[0, 0, 9, 1, 9, 0, 0], [0, 9, 9, 1, 0, 0, 9], [0, 0, 9, 1, 9, 9, 0], [9, 0, 0, 1, 0, 0, 9], [0, 9, 9, 1, 9, 0, 0]], "output": [[0, 8, 0], [8, 0, 0], [0, 0, 0], [0, 8, 0], [0, 0, 0]]}]}