{"train": [{"input": [[3, 1, 2], [3, 1, 2], [3, 1, 2]], "output": [[4, 5, 6], [4, 5, 6], [4, 5, 6]]}, {"input": [[2, 3, 8], [2, 3, 8], [2, 3, 8]], "output": [[6, 4, 9], [6, 4, 9], [6, 4, 9]]}, {"input": [[5, 8, 6], [5, 8, 6], [5, 8, 6]], "output": [[1, 9, 2], [1, 9, 2], [1, 9, 2]]}, {"input": [[9, 4, 2], [9, 4, 2], [9, 4, 2]], "output": [[8, 3, 6], [8, 3, 6], [8, 3, 6]]}], "test": [{"input": [[8, 1, 3], [8, 1, 3], [8, 1, 3]], "output": [[9, 5, 4], [9, 5, 4], [9, 5, 4]]}], "arc-gen": [{"input": [[9, 2, 5], [9, 2, 5], [9, 2, 5]], "output": [[8, 6, 1], [8, 6, 1], [8, 6, 1]]}, {"input": [[6, 5, 8], [6, 5, 8], [6, 5, 8]], "output": [[2, 1, 9], [2, 1, 9], [2, 1, 9]]}, {"input": [[9, 1, 8], [9, 1, 8], [9, 1, 8]], "output": [[8, 5, 9], [8, 5, 9], [8, 5, 9]]}, {"input": [[3, 6, 1], [3, 6, 1], [3, 6, 1]], "output": [[4, 2, 5], [4, 2, 5], [4, 2, 5]]}, {"input": [[9, 2, 6], [9, 2, 6], [9, 2, 6]], "output": [[8, 6, 2], [8, 6, 2], [8, 6, 2]]}, {"input": [[8, 3, 5], [8, 3, 5], [8, 3, 5]], "output": [[9, 4, 1], [9, 4, 1], [9, 4, 1]]}, {"input": [[6, 3, 8], [6, 3, 8], [6, 3, 8]], "output": [[2, 4, 9], [2, 4, 9], [2, 4, 9]]}, {"input": [[9, 1, 4], [9, 1, 4], [9, 1, 4]], "output": [[8, 5, 3], [8, 5, 3], [8, 5, 3]]}, {"input": [[3, 1, 4], [3, 1, 4], [3, 1, 4]], "output": [[4, 5, 3], [4, 5, 3], [4, 5, 3]]}, {"input": [[6, 3, 5], [6, 3, 5], [6, 3, 5]], "output": [[2, 4, 1], [2, 4, 1], [2, 4, 1]]}, {"input": [[3, 1, 8], [3, 1, 8], [3, 1, 8]], "output": [[4, 5, 9], [4, 5, 9], [4, 5, 9]]}, {"input": [[8, 1, 2], [8, 1, 2], [8, 1, 2]], "output": [[9, 5, 6], [9, 5, 6], [9, 5, 6]]}, {"input": [[1, 3, 4], [1, 3, 4], [1, 3, 4]], "output": [[5, 4, 3], [5, 4, 3], [5, 4, 3]]}, {"input": [[1, 6, 5], [1, 6, 5], [1, 6, 5]], "output": [[5, 2, 1], [5, 2, 1], [5, 2, 1]]}, {"input": [[6, 5, 4], [6, 5, 4], [6, 5, 4]], "output": [[2, 1, 3], [2, 1, 3], [2, 1, 3]]}, {"input": [[9, 6, 5], [9, 6, 5], [9, 6, 5]], "output": [[8, 2, 1], [8, 2, 1], [8, 2, 1]]}, {"input": [[4, 5, 2], [4, 5, 2], [4, 5, 2]], "output": [[3, 1, 6], [3, 1, 6], [3, 1, 6]]}, {"input": [[4, 6, 8], [4, 6, 8], [4, 6, 8]], "output": [[3, 2, 9], [3, 2, 9], [3, 2, 9]]}, {"input": [[6, 1, 5], [6, 1, 5], [6, 1, 5]], "output": [[2, 5, 1], [2, 5, 1], [2, 5, 1]]}, {"input": [[8, 1, 5], [8, 1, 5], [8, 1, 5]], "output": [[9, 5, 1], [9, 5, 1], [9, 5, 1]]}, {"input": [[6, 4, 3], [6, 4, 3], [6, 4, 3]], "output": [[2, 3, 4], [2, 3, 4], [2, 3, 4]]}, {"input": [[9, 2, 4], [9, 2, 4], [9, 2, 4]], "output": [[8, 6, 3], [8, 6, 3], [8, 6, 3]]}, {"input": [[9, 5, 4], [9, 5, 4], [9, 5, 4]], "output": [[8, 1, 3], [8, 1, 3], [8, 1, 3]]}, {"input": [[2, 6, 5], [2, 6, 5], [2, 6, 5]], "output": [[6, 2, 1], [6, 2, 1], [6, 2, 1]]}, {"input": [[4, 9, 3], [4, 9, 3], [4, 9, 3]], "output": [[3, 8, 4], [3, 8, 4], [3, 8, 4]]}, {"input": [[8, 5, 4], [8, 5, 4], [8, 5, 4]], "output": [[9, 1, 3], [9, 1, 3], [9, 1, 3]]}, {"input": [[8, 6, 5], [8, 6, 5], [8, 6, 5]], "output": [[9, 2, 1], [9, 2, 1], [9, 2, 1]]}, {"input": [[5, 1, 2], [5, 1, 2], [5, 1, 2]], "output": [[1, 5, 6], [1, 5, 6], [1, 5, 6]]}, {"input": [[2, 3, 6], [2, 3, 6], [2, 3, 6]], "output": [[6, 4, 2], [6, 4, 2], [6, 4, 2]]}, {"input": [[5, 2, 4], [5, 2, 4], [5, 2, 4]], "output": [[1, 6, 3], [1, 6, 3], [1, 6, 3]]}, {"input": [[8, 2, 9], [8, 2, 9], [8, 2, 9]], "output": [[9, 6, 8], [9, 6, 8], [9, 6, 8]]}, {"input": [[5, 8, 9], [5, 8, 9], [5, 8, 9]], "output": [[1, 9, 8], [1, 9, 8], [1, 9, 8]]}, {"input": [[1, 9, 6], [1, 9, 6], [1, 9, 6]], "output": [[5, 8, 2], [5, 8, 2], [5, 8, 2]]}, {"input": [[2, 4, 8], [2, 4, 8], [2, 4, 8]], "output": [[6, 3, 9], [6, 3, 9], [6, 3, 9]]}, {"input": [[6, 1, 4], [6, 1, 4], [6, 1, 4]], "output": [[2, 5, 3], [2, 5, 3], [2, 5, 3]]}, {"input": [[5, 4, 1], [5, 4, 1], [5, 4, 1]], "output": [[1, 3, 5], [1, 3, 5], [1, 3, 5]]}, {"input": [[9, 5, 6], [9, 5, 6], [9, 5, 6]], "output": [[8, 1, 2], [8, 1, 2], [8, 1, 2]]}, {"input": [[3, 5, 9], [3, 5, 9], [3, 5, 9]], "output": [[4, 1, 8], [4, 1, 8], [4, 1, 8]]}, {"input": [[2, 9, 6], [2, 9, 6], [2, 9, 6]], "output": [[6, 8, 2], [6, 8, 2], [6, 8, 2]]}, {"input": [[4, 5, 1], [4, 5, 1], [4, 5, 1]], "output": [[3, 1, 5], [3, 1, 5], [3, 1, 5]]}, {"input": [[9, 4, 1], [9, 4, 1], [9, 4, 1]], "output": [[8, 3, 5], [8, 3, 5], [8, 3, 5]]}, {"input": [[5, 9, 3], [5, 9, 3], [5, 9, 3]], "output": [[1, 8, 4], [1, 8, 4], [1, 8, 4]]}, {"input": [[2, 1, 8], [2, 1, 8], [2, 1, 8]], "output": [[6, 5, 9], [6, 5, 9], [6, 5, 9]]}, {"input": [[3, 5, 2], [3, 5, 2], [3, 5, 2]], "output": [[4, 1, 6], [4, 1, 6], [4, 1, 6]]}, {"input": [[4, 8, 9], [4, 8, 9], [4, 8, 9]], "output": [[3, 9, 8], [3, 9, 8], [3, 9, 8]]}, {"input": [[1, 9, 8], [1, 9, 8], [1, 9, 8]], "output": [[5, 8, 9], [5, 8, 9], [5, 8, 9]]}, {"input": [[4, 8, 5], [4, 8, 5], [4, 8, 5]], "output": [[3, 9, 1], [3, 9, 1], [3, 9, 1]]}, {"input": [[8, 4, 5], [8, 4, 5], [8, 4, 5]], "output": [[9, 3, 1], [9, 3, 1], [9, 3, 1]]}, {"input": [[2, 8, 5], [2, 8, 5], [2, 8, 5]], "output": [[6, 9, 1], [6, 9, 1], [6, 9, 1]]}, {"input": [[5, 1, 8], [5, 1, 8], [5, 1, 8]], "output": [[1, 5, 9], [1, 5, 9], [1, 5, 9]]}, {"input": [[4, 1, 9], [4, 1, 9], [4, 1, 9]], "output": [[3, 5, 8], [3, 5, 8], [3, 5, 8]]}, {"input": [[4, 2, 8], [4, 2, 8], [4, 2, 8]], "output": [[3, 6, 9], [3, 6, 9], [3, 6, 9]]}, {"input": [[4, 8, 6], [4, 8, 6], [4, 8, 6]], "output": [[3, 9, 2], [3, 9, 2], [3, 9, 2]]}, {"input": [[2, 4, 1], [2, 4, 1], [2, 4, 1]], "output": [[6, 3, 5], [6, 3, 5], [6, 3, 5]]}, {"input": [[2, 1, 3], [2, 1, 3], [2, 1, 3]], "output": [[6, 5, 4], [6, 5, 4], [6, 5, 4]]}, {"input": [[3, 6, 2], [3, 6, 2], [3, 6, 2]], "output": [[4, 2, 6], [4, 2, 6], [4, 2, 6]]}, {"input": [[4, 5, 9], [4, 5, 9], [4, 5, 9]], "output": [[3, 1, 8], [3, 1, 8], [3, 1, 8]]}, {"input": [[4, 2, 6], [4, 2, 6], [4, 2, 6]], "output": [[3, 6, 2], [3, 6, 2], [3, 6, 2]]}, {"input": [[2, 5, 9], [2, 5, 9], [2, 5, 9]], "output": [[6, 1, 8], [6, 1, 8], [6, 1, 8]]}, {"input": [[6, 4, 5], [6, 4, 5], [6, 4, 5]], "output": [[2, 3, 1], [2, 3, 1], [2, 3, 1]]}, {"input": [[8, 2, 3], [8, 2, 3], [8, 2, 3]], "output": [[9, 6, 4], [9, 6, 4], [9, 6, 4]]}, {"input": [[6, 1, 2], [6, 1, 2], [6, 1, 2]], "output": [[2, 5, 6], [2, 5, 6], [2, 5, 6]]}, {"input": [[5, 1, 4], [5, 1, 4], [5, 1, 4]], "output": [[1, 5, 3], [1, 5, 3], [1, 5, 3]]}, {"input": [[9, 2, 8], [9, 2, 8], [9, 2, 8]], "output": [[8, 6, 9], [8, 6, 9], [8, 6, 9]]}, {"input": [[2, 6, 8], [2, 6, 8], [2, 6, 8]], "output": [[6, 2, 9], [6, 2, 9], [6, 2, 9]]}, {"input": [[8, 1, 3], [8, 1, 3], [8, 1, 3]], "output": [[9, 5, 4], [9, 5, 4], [9, 5, 4]]}, {"input": [[2, 1, 9], [2, 1, 9], [2, 1, 9]], "output": [[6, 5, 8], [6, 5, 8], [6, 5, 8]]}, {"input": [[3, 1, 9], [3, 1, 9], [3, 1, 9]], "output": [[4, 5, 8], [4, 5, 8], [4, 5, 8]]}, {"input": [[2, 4, 3], [2, 4, 3], [2, 4, 3]], "output": [[6, 3, 4], [6, 3, 4], [6, 3, 4]]}, {"input": [[6, 1, 9], [6, 1, 9], [6, 1, 9]], "output": [[2, 5, 8], [2, 5, 8], [2, 5, 8]]}, {"input": [[4, 9, 6], [4, 9, 6], [4, 9, 6]], "output": [[3, 8, 2], [3, 8, 2], [3, 8, 2]]}, {"input": [[8, 9, 6], [8, 9, 6], [8, 9, 6]], "output": [[9, 8, 2], [9, 8, 2], [9, 8, 2]]}, {"input": [[4, 3, 1], [4, 3, 1], [4, 3, 1]], "output": [[3, 4, 5], [3, 4, 5], [3, 4, 5]]}, {"input": [[3, 9, 2], [3, 9, 2], [3, 9, 2]], "output": [[4, 8, 6], [4, 8, 6], [4, 8, 6]]}, {"input": [[8, 3, 6], [8, 3, 6], [8, 3, 6]], "output": [[9, 4, 2], [9, 4, 2], [9, 4, 2]]}, {"input": [[4, 9, 5], [4, 9, 5], [4, 9, 5]], "output": [[3, 8, 1], [3, 8, 1], [3, 8, 1]]}, {"input": [[9, 3, 4], [9, 3, 4], [9, 3, 4]], "output": [[8, 4, 3], [8, 4, 3], [8, 4, 3]]}, {"input": [[9, 3, 8], [9, 3, 8], [9, 3, 8]], "output": [[8, 4, 9], [8, 4, 9], [8, 4, 9]]}, {"input": [[5, 3, 6], [5, 3, 6], [5, 3, 6]], "output": [[1, 4, 2], [1, 4, 2], [1, 4, 2]]}, {"input": [[4, 6, 9], [4, 6, 9], [4, 6, 9]], "output": [[3, 2, 8], [3, 2, 8], [3, 2, 8]]}, {"input": [[6, 4, 2], [6, 4, 2], [6, 4, 2]], "output": [[2, 3, 6], [2, 3, 6], [2, 3, 6]]}, {"input": [[9, 4, 2], [9, 4, 2], [9, 4, 2]], "output": [[8, 3, 6], [8, 3, 6], [8, 3, 6]]}, {"input": [[8, 6, 2], [8, 6, 2], [8, 6, 2]], "output": [[9, 2, 6], [9, 2, 6], [9, 2, 6]]}, {"input": [[5, 9, 6], [5, 9, 6], [5, 9, 6]], "output": [[1, 8, 2], [1, 8, 2], [1, 8, 2]]}, {"input": [[4, 1, 6], [4, 1, 6], [4, 1, 6]], "output": [[3, 5, 2], [3, 5, 2], [3, 5, 2]]}, {"input": [[1, 8, 3], [1, 8, 3], [1, 8, 3]], "output": [[5, 9, 4], [5, 9, 4], [5, 9, 4]]}, {"input": [[9, 8, 2], [9, 8, 2], [9, 8, 2]], "output": [[8, 9, 6], [8, 9, 6], [8, 9, 6]]}, {"input": [[1, 4, 2], [1, 4, 2], [1, 4, 2]], "output": [[5, 3, 6], [5, 3, 6], [5, 3, 6]]}, {"input": [[1, 8, 2], [1, 8, 2], [1, 8, 2]], "output": [[5, 9, 6], [5, 9, 6], [5, 9, 6]]}, {"input": [[2, 5, 6], [2, 5, 6], [2, 5, 6]], "output": [[6, 1, 2], [6, 1, 2], [6, 1, 2]]}, {"input": [[6, 8, 2], [6, 8, 2], [6, 8, 2]], "output": [[2, 9, 6], [2, 9, 6], [2, 9, 6]]}, {"input": [[9, 3, 6], [9, 3, 6], [9, 3, 6]], "output": [[8, 4, 2], [8, 4, 2], [8, 4, 2]]}, {"input": [[5, 1, 6], [5, 1, 6], [5, 1, 6]], "output": [[1, 5, 2], [1, 5, 2], [1, 5, 2]]}, {"input": [[6, 2, 8], [6, 2, 8], [6, 2, 8]], "output": [[2, 6, 9], [2, 6, 9], [2, 6, 9]]}, {"input": [[6, 8, 5], [6, 8, 5], [6, 8, 5]], "output": [[2, 9, 1], [2, 9, 1], [2, 9, 1]]}, {"input": [[3, 8, 5], [3, 8, 5], [3, 8, 5]], "output": [[4, 9, 1], [4, 9, 1], [4, 9, 1]]}, {"input": [[1, 5, 4], [1, 5, 4], [1, 5, 4]], "output": [[5, 1, 3], [5, 1, 3], [5, 1, 3]]}, {"input": [[6, 5, 3], [6, 5, 3], [6, 5, 3]], "output": [[2, 1, 4], [2, 1, 4], [2, 1, 4]]}, {"input": [[2, 1, 6], [2, 1, 6], [2, 1, 6]], "output": [[6, 5, 2], [6, 5, 2], [6, 5, 2]]}, {"input": [[1, 6, 3], [1, 6, 3], [1, 6, 3]], "output": [[5, 2, 4], [5, 2, 4], [5, 2, 4]]}, {"input": [[6, 2, 9], [6, 2, 9], [6, 2, 9]], "output": [[2, 6, 8], [2, 6, 8], [2, 6, 8]]}, {"input": [[1, 4, 5], [1, 4, 5], [1, 4, 5]], "output": [[5, 3, 1], [5, 3, 1], [5, 3, 1]]}, {"input": [[5, 9, 2], [5, 9, 2], [5, 9, 2]], "output": [[1, 8, 6], [1, 8, 6], [1, 8, 6]]}, {"input": [[9, 5, 1], [9, 5, 1], [9, 5, 1]], "output": [[8, 1, 5], [8, 1, 5], [8, 1, 5]]}, {"input": [[4, 3, 2], [4, 3, 2], [4, 3, 2]], "output": [[3, 4, 6], [3, 4, 6], [3, 4, 6]]}, {"input": [[1, 6, 2], [1, 6, 2], [1, 6, 2]], "output": [[5, 2, 6], [5, 2, 6], [5, 2, 6]]}, {"input": [[8, 6, 9], [8, 6, 9], [8, 6, 9]], "output": [[9, 2, 8], [9, 2, 8], [9, 2, 8]]}, {"input": [[5, 6, 3], [5, 6, 3], [5, 6, 3]], "output": [[1, 2, 4], [1, 2, 4], [1, 2, 4]]}, {"input": [[1, 5, 3], [1, 5, 3], [1, 5, 3]], "output": [[5, 1, 4], [5, 1, 4], [5, 1, 4]]}, {"input": [[8, 4, 9], [8, 4, 9], [8, 4, 9]], "output": [[9, 3, 8], [9, 3, 8], [9, 3, 8]]}, {"input": [[5, 9, 8], [5, 9, 8], [5, 9, 8]], "output": [[1, 8, 9], [1, 8, 9], [1, 8, 9]]}, {"input": [[8, 3, 2], [8, 3, 2], [8, 3, 2]], "output": [[9, 4, 6], [9, 4, 6], [9, 4, 6]]}, {"input": [[5, 6, 4], [5, 6, 4], [5, 6, 4]], "output": [[1, 2, 3], [1, 2, 3], [1, 2, 3]]}, {"input": [[3, 2, 6], [3, 2, 6], [3, 2, 6]], "output": [[4, 6, 2], [4, 6, 2], [4, 6, 2]]}, {"input": [[9, 8, 5], [9, 8, 5], [9, 8, 5]], "output": [[8, 9, 1], [8, 9, 1], [8, 9, 1]]}, {"input": [[2, 5, 8], [2, 5, 8], [2, 5, 8]], "output": [[6, 1, 9], [6, 1, 9], [6, 1, 9]]}, {"input": [[8, 5, 1], [8, 5, 1], [8, 5, 1]], "output": [[9, 1, 5], [9, 1, 5], [9, 1, 5]]}, {"input": [[2, 3, 1], [2, 3, 1], [2, 3, 1]], "output": [[6, 4, 5], [6, 4, 5], [6, 4, 5]]}, {"input": [[3, 2, 8], [3, 2, 8], [3, 2, 8]], "output": [[4, 6, 9], [4, 6, 9], [4, 6, 9]]}, {"input": [[5, 8, 1], [5, 8, 1], [5, 8, 1]], "output": [[1, 9, 5], [1, 9, 5], [1, 9, 5]]}, {"input": [[8, 6, 4], [8, 6, 4], [8, 6, 4]], "output": [[9, 2, 3], [9, 2, 3], [9, 2, 3]]}, {"input": [[1, 2, 4], [1, 2, 4], [1, 2, 4]], "output": [[5, 6, 3], [5, 6, 3], [5, 6, 3]]}, {"input": [[3, 4, 6], [3, 4, 6], [3, 4, 6]], "output": [[4, 3, 2], [4, 3, 2], [4, 3, 2]]}, {"input": [[5, 4, 2], [5, 4, 2], [5, 4, 2]], "output": [[1, 3, 6], [1, 3, 6], [1, 3, 6]]}, {"input": [[9, 4, 8], [9, 4, 8], [9, 4, 8]], "output": [[8, 3, 9], [8, 3, 9], [8, 3, 9]]}, {"input": [[9, 6, 3], [9, 6, 3], [9, 6, 3]], "output": [[8, 2, 4], [8, 2, 4], [8, 2, 4]]}, {"input": [[1, 8, 4], [1, 8, 4], [1, 8, 4]], "output": [[5, 9, 3], [5, 9, 3], [5, 9, 3]]}, {"input": [[6, 4, 8], [6, 4, 8], [6, 4, 8]], "output": [[2, 3, 9], [2, 3, 9], [2, 3, 9]]}, {"input": [[2, 6, 9], [2, 6, 9], [2, 6, 9]], "output": [[6, 2, 8], [6, 2, 8], [6, 2, 8]]}, {"input": [[2, 8, 1], [2, 8, 1], [2, 8, 1]], "output": [[6, 9, 5], [6, 9, 5], [6, 9, 5]]}, {"input": [[6, 9, 1], [6, 9, 1], [6, 9, 1]], "output": [[2, 8, 5], [2, 8, 5], [2, 8, 5]]}, {"input": [[6, 5, 2], [6, 5, 2], [6, 5, 2]], "output": [[2, 1, 6], [2, 1, 6], [2, 1, 6]]}, {"input": [[9, 6, 2], [9, 6, 2], [9, 6, 2]], "output": [[8, 2, 6], [8, 2, 6], [8, 2, 6]]}, {"input": [[1, 2, 6], [1, 2, 6], [1, 2, 6]], "output": [[5, 6, 2], [5, 6, 2], [5, 6, 2]]}, {"input": [[6, 2, 3], [6, 2, 3], [6, 2, 3]], "output": [[2, 6, 4], [2, 6, 4], [2, 6, 4]]}, {"input": [[8, 6, 3], [8, 6, 3], [8, 6, 3]], "output": [[9, 2, 4], [9, 2, 4], [9, 2, 4]]}, {"input": [[3, 9, 5], [3, 9, 5], [3, 9, 5]], "output": [[4, 8, 1], [4, 8, 1], [4, 8, 1]]}, {"input": [[2, 4, 9], [2, 4, 9], [2, 4, 9]], "output": [[6, 3, 8], [6, 3, 8], [6, 3, 8]]}, {"input": [[6, 9, 5], [6, 9, 5], [6, 9, 5]], "output": [[2, 8, 1], [2, 8, 1], [2, 8, 1]]}, {"input": [[1, 3, 8], [1, 3, 8], [1, 3, 8]], "output": [[5, 4, 9], [5, 4, 9], [5, 4, 9]]}, {"input": [[2, 9, 3], [2, 9, 3], [2, 9, 3]], "output": [[6, 8, 4], [6, 8, 4], [6, 8, 4]]}, {"input": [[2, 8, 4], [2, 8, 4], [2, 8, 4]], "output": [[6, 9, 3], [6, 9, 3], [6, 9, 3]]}, {"input": [[8, 1, 6], [8, 1, 6], [8, 1, 6]], "output": [[9, 5, 2], [9, 5, 2], [9, 5, 2]]}, {"input": [[2, 8, 3], [2, 8, 3], [2, 8, 3]], "output": [[6, 9, 4], [6, 9, 4], [6, 9, 4]]}, {"input": [[6, 2, 4], [6, 2, 4], [6, 2, 4]], "output": [[2, 6, 3], [2, 6, 3], [2, 6, 3]]}, {"input": [[4, 1, 2], [4, 1, 2], [4, 1, 2]], "output": [[3, 5, 6], [3, 5, 6], [3, 5, 6]]}, {"input": [[8, 2, 6], [8, 2, 6], [8, 2, 6]], "output": [[9, 6, 2], [9, 6, 2], [9, 6, 2]]}, {"input": [[9, 8, 1], [9, 8, 1], [9, 8, 1]], "output": [[8, 9, 5], [8, 9, 5], [8, 9, 5]]}, {"input": [[4, 9, 8], [4, 9, 8], [4, 9, 8]], "output": [[3, 8, 9], [3, 8, 9], [3, 8, 9]]}, {"input": [[3, 4, 2], [3, 4, 2], [3, 4, 2]], "output": [[4, 3, 6], [4, 3, 6], [4, 3, 6]]}, {"input": [[5, 6, 9], [5, 6, 9], [5, 6, 9]], "output": [[1, 2, 8], [1, 2, 8], [1, 2, 8]]}, {"input": [[4, 2, 3], [4, 2, 3], [4, 2, 3]], "output": [[3, 6, 4], [3, 6, 4], [3, 6, 4]]}, {"input": [[4, 5, 3], [4, 5, 3], [4, 5, 3]], "output": [[3, 1, 4], [3, 1, 4], [3, 1, 4]]}, {"input": [[6, 1, 3], [6, 1, 3], [6, 1, 3]], "output": [[2, 5, 4], [2, 5, 4], [2, 5, 4]]}, {"input": [[2, 3, 8], [2, 3, 8], [2, 3, 8]], "output": [[6, 4, 9], [6, 4, 9], [6, 4, 9]]}, {"input": [[6, 3, 9], [6, 3, 9], [6, 3, 9]], "output": [[2, 4, 8], [2, 4, 8], [2, 4, 8]]}, {"input": [[5, 3, 1], [5, 3, 1], [5, 3, 1]], "output": [[1, 4, 5], [1, 4, 5], [1, 4, 5]]}, {"input": [[3, 1, 6], [3, 1, 6], [3, 1, 6]], "output": [[4, 5, 2], [4, 5, 2], [4, 5, 2]]}, {"input": [[6, 9, 2], [6, 9, 2], [6, 9, 2]], "output": [[2, 8, 6], [2, 8, 6], [2, 8, 6]]}, {"input": [[2, 9, 4], [2, 9, 4], [2, 9, 4]], "output": [[6, 8, 3], [6, 8, 3], [6, 8, 3]]}, {"input": [[2, 4, 5], [2, 4, 5], [2, 4, 5]], "output": [[6, 3, 1], [6, 3, 1], [6, 3, 1]]}, {"input": [[5, 6, 2], [5, 6, 2], [5, 6, 2]], "output": [[1, 2, 6], [1, 2, 6], [1, 2, 6]]}, {"input": [[3, 6, 5], [3, 6, 5], [3, 6, 5]], "output": [[4, 2, 1], [4, 2, 1], [4, 2, 1]]}, {"input": [[2, 8, 9], [2, 8, 9], [2, 8, 9]], "output": [[6, 9, 8], [6, 9, 8], [6, 9, 8]]}, {"input": [[9, 3, 2], [9, 3, 2], [9, 3, 2]], "output": [[8, 4, 6], [8, 4, 6], [8, 4, 6]]}, {"input": [[1, 4, 8], [1, 4, 8], [1, 4, 8]], "output": [[5, 3, 9], [5, 3, 9], [5, 3, 9]]}, {"input": [[3, 9, 6], [3, 9, 6], [3, 9, 6]], "output": [[4, 8, 2], [4, 8, 2], [4, 8, 2]]}, {"input": [[5, 8, 6], [5, 8, 6], [5, 8, 6]], "output": [[1, 9, 2], [1, 9, 2], [1, 9, 2]]}, {"input": [[1, 9, 4], [1, 9, 4], [1, 9, 4]], "output": [[5, 8, 3], [5, 8, 3], [5, 8, 3]]}, {"input": [[9, 4, 3], [9, 4, 3], [9, 4, 3]], "output": [[8, 3, 4], [8, 3, 4], [8, 3, 4]]}, {"input": [[2, 3, 4], [2, 3, 4], [2, 3, 4]], "output": [[6, 4, 3], [6, 4, 3], [6, 4, 3]]}, {"input": [[9, 6, 4], [9, 6, 4], [9, 6, 4]], "output": [[8, 2, 3], [8, 2, 3], [8, 2, 3]]}, {"input": [[1, 8, 9], [1, 8, 9], [1, 8, 9]], "output": [[5, 9, 8], [5, 9, 8], [5, 9, 8]]}, {"input": [[3, 8, 4], [3, 8, 4], [3, 8, 4]], "output": [[4, 9, 3], [4, 9, 3], [4, 9, 3]]}, {"input": [[5, 2, 8], [5, 2, 8], [5, 2, 8]], "output": [[1, 6, 9], [1, 6, 9], [1, 6, 9]]}, {"input": [[2, 1, 5], [2, 1, 5], [2, 1, 5]], "output": [[6, 5, 1], [6, 5, 1], [6, 5, 1]]}, {"input": [[5, 4, 9], [5, 4, 9], [5, 4, 9]], "output": [[1, 3, 8], [1, 3, 8], [1, 3, 8]]}, {"input": [[9, 3, 1], [9, 3, 1], [9, 3, 1]], "output": [[8, 4, 5], [8, 4, 5], [8, 4, 5]]}, {"input": [[1, 9, 3], [1, 9, 3], [1, 9, 3]], "output": [[5, 8, 4], [5, 8, 4], [5, 8, 4]]}, {"input": [[8, 3, 9], [8, 3, 9], [8, 3, 9]], "output": [[9, 4, 8], [9, 4, 8], [9, 4, 8]]}, {"input": [[5, 2, 9], [5, 2, 9], [5, 2, 9]], "output": [[1, 6, 8], [1, 6, 8], [1, 6, 8]]}, {"input": [[5, 1, 9], [5, 1, 9], [5, 1, 9]], "output": [[1, 5, 8], [1, 5, 8], [1, 5, 8]]}, {"input": [[6, 2, 5], [6, 2, 5], [6, 2, 5]], "output": [[2, 6, 1], [2, 6, 1], [2, 6, 1]]}, {"input": [[6, 3, 1], [6, 3, 1], [6, 3, 1]], "output": [[2, 4, 5], [2, 4, 5], [2, 4, 5]]}, {"input": [[3, 8, 9], [3, 8, 9], [3, 8, 9]], "output": [[4, 9, 8], [4, 9, 8], [4, 9, 8]]}, {"input": [[3, 2, 4], [3, 2, 4], [3, 2, 4]], "output": [[4, 6, 3], [4, 6, 3], [4, 6, 3]]}, {"input": [[1, 2, 9], [1, 2, 9], [1, 2, 9]], "output": [[5, 6, 8], [5, 6, 8], [5, 6, 8]]}, {"input": [[4, 1, 5], [4, 1, 5], [4, 1, 5]], "output": [[3, 5, 1], [3, 5, 1], [3, 5, 1]]}, {"input": [[9, 8, 3], [9, 8, 3], [9, 8, 3]], "output": [[8, 9, 4], [8, 9, 4], [8, 9, 4]]}, {"input": [[3, 9, 8], [3, 9, 8], [3, 9, 8]], "output": [[4, 8, 9], [4, 8, 9], [4, 8, 9]]}, {"input": [[3, 4, 9], [3, 4, 9], [3, 4, 9]], "output": [[4, 3, 8], [4, 3, 8], [4, 3, 8]]}, {"input": [[8, 2, 5], [8, 2, 5], [8, 2, 5]], "output": [[9, 6, 1], [9, 6, 1], [9, 6, 1]]}, {"input": [[1, 2, 8], [1, 2, 8], [1, 2, 8]], "output": [[5, 6, 9], [5, 6, 9], [5, 6, 9]]}, {"input": [[8, 2, 4], [8, 2, 4], [8, 2, 4]], "output": [[9, 6, 3], [9, 6, 3], [9, 6, 3]]}, {"input": [[4, 9, 2], [4, 9, 2], [4, 9, 2]], "output": [[3, 8, 6], [3, 8, 6], [3, 8, 6]]}, {"input": [[1, 3, 9], [1, 3, 9], [1, 3, 9]], "output": [[5, 4, 8], [5, 4, 8], [5, 4, 8]]}, {"input": [[9, 8, 6], [9, 8, 6], [9, 8, 6]], "output": [[8, 9, 2], [8, 9, 2], [8, 9, 2]]}, {"input": [[8, 9, 4], [8, 9, 4], [8, 9, 4]], "output": [[9, 8, 3], [9, 8, 3], [9, 8, 3]]}, {"input": [[2, 1, 4], [2, 1, 4], [2, 1, 4]], "output": [[6, 5, 3], [6, 5, 3], [6, 5, 3]]}, {"input": [[8, 3, 4], [8, 3, 4], [8, 3, 4]], "output": [[9, 4, 3], [9, 4, 3], [9, 4, 3]]}, {"input": [[8, 9, 2], [8, 9, 2], [8, 9, 2]], "output": [[9, 8, 6], [9, 8, 6], [9, 8, 6]]}, {"input": [[8, 6, 1], [8, 6, 1], [8, 6, 1]], "output": [[9, 2, 5], [9, 2, 5], [9, 2, 5]]}, {"input": [[2, 3, 9], [2, 3, 9], [2, 3, 9]], "output": [[6, 4, 8], [6, 4, 8], [6, 4, 8]]}, {"input": [[9, 1, 2], [9, 1, 2], [9, 1, 2]], "output": [[8, 5, 6], [8, 5, 6], [8, 5, 6]]}, {"input": [[9, 5, 3], [9, 5, 3], [9, 5, 3]], "output": [[8, 1, 4], [8, 1, 4], [8, 1, 4]]}, {"input": [[8, 9, 5], [8, 9, 5], [8, 9, 5]], "output": [[9, 8, 1], [9, 8, 1], [9, 8, 1]]}, {"input": [[9, 5, 8], [9, 5, 8], [9, 5, 8]], "output": [[8, 1, 9], [8, 1, 9], [8, 1, 9]]}, {"input": [[5, 6, 1], [5, 6, 1], [5, 6, 1]], "output": [[1, 2, 5], [1, 2, 5], [1, 2, 5]]}, {"input": [[5, 2, 1], [5, 2, 1], [5, 2, 1]], "output": [[1, 6, 5], [1, 6, 5], [1, 6, 5]]}, {"input": [[5, 3, 2], [5, 3, 2], [5, 3, 2]], "output": [[1, 4, 6], [1, 4, 6], [1, 4, 6]]}, {"input": [[4, 1, 3], [4, 1, 3], [4, 1, 3]], "output": [[3, 5, 4], [3, 5, 4], [3, 5, 4]]}, {"input": [[4, 2, 1], [4, 2, 1], [4, 2, 1]], "output": [[3, 6, 5], [3, 6, 5], [3, 6, 5]]}, {"input": [[8, 5, 2], [8, 5, 2], [8, 5, 2]], "output": [[9, 1, 6], [9, 1, 6], [9, 1, 6]]}, {"input": [[5, 4, 8], [5, 4, 8], [5, 4, 8]], "output": [[1, 3, 9], [1, 3, 9], [1, 3, 9]]}, {"input": [[2, 6, 1], [2, 6, 1], [2, 6, 1]], "output": [[6, 2, 5], [6, 2, 5], [6, 2, 5]]}, {"input": [[1, 3, 5], [1, 3, 5], [1, 3, 5]], "output": [[5, 4, 1], [5, 4, 1], [5, 4, 1]]}, {"input": [[1, 2, 5], [1, 2, 5], [1, 2, 5]], "output": [[5, 6, 1], [5, 6, 1], [5, 6, 1]]}, {"input": [[1, 4, 9], [1, 4, 9], [1, 4, 9]], "output": [[5, 3, 8], [5, 3, 8], [5, 3, 8]]}, {"input": [[6, 3, 4], [6, 3, 4], [6, 3, 4]], "output": [[2, 4, 3], [2, 4, 3], [2, 4, 3]]}, {"input": [[1, 4, 3], [1, 4, 3], [1, 4, 3]], "output": [[5, 3, 4], [5, 3, 4], [5, 3, 4]]}, {"input": [[8, 9, 1], [8, 9, 1], [8, 9, 1]], "output": [[9, 8, 5], [9, 8, 5], [9, 8, 5]]}, {"input": [[5, 3, 8], [5, 3, 8], [5, 3, 8]], "output": [[1, 4, 9], [1, 4, 9], [1, 4, 9]]}, {"input": [[2, 8, 6], [2, 8, 6], [2, 8, 6]], "output": [[6, 9, 2], [6, 9, 2], [6, 9, 2]]}, {"input": [[2, 5, 4], [2, 5, 4], [2, 5, 4]], "output": [[6, 1, 3], [6, 1, 3], [6, 1, 3]]}, {"input": [[3, 4, 8], [3, 4, 8], [3, 4, 8]], "output": [[4, 3, 9], [4, 3, 9], [4, 3, 9]]}, {"input": [[5, 6, 8], [5, 6, 8], [5, 6, 8]], "output": [[1, 2, 9], [1, 2, 9], [1, 2, 9]]}, {"input": [[6, 4, 1], [6, 4, 1], [6, 4, 1]], "output": [[2, 3, 5], [2, 3, 5], [2, 3, 5]]}, {"input": [[4, 8, 2], [4, 8, 2], [4, 8, 2]], "output": [[3, 9, 6], [3, 9, 6], [3, 9, 6]]}, {"input": [[1, 5, 6], [1, 5, 6], [1, 5, 6]], "output": [[5, 1, 2], [5, 1, 2], [5, 1, 2]]}, {"input": [[2, 9, 8], [2, 9, 8], [2, 9, 8]], "output": [[6, 8, 9], [6, 8, 9], [6, 8, 9]]}, {"input": [[8, 5, 3], [8, 5, 3], [8, 5, 3]], "output": [[9, 1, 4], [9, 1, 4], [9, 1, 4]]}, {"input": [[1, 3, 2], [1, 3, 2], [1, 3, 2]], "output": [[5, 4, 6], [5, 4, 6], [5, 4, 6]]}, {"input": [[4, 8, 3], [4, 8, 3], [4, 8, 3]], "output": [[3, 9, 4], [3, 9, 4], [3, 9, 4]]}, {"input": [[6, 4, 9], [6, 4, 9], [6, 4, 9]], "output": [[2, 3, 8], [2, 3, 8], [2, 3, 8]]}, {"input": [[4, 2, 9], [4, 2, 9], [4, 2, 9]], "output": [[3, 6, 8], [3, 6, 8], [3, 6, 8]]}, {"input": [[5, 4, 3], [5, 4, 3], [5, 4, 3]], "output": [[1, 3, 4], [1, 3, 4], [1, 3, 4]]}, {"input": [[9, 1, 6], [9, 1, 6], [9, 1, 6]], "output": [[8, 5, 2], [8, 5, 2], [8, 5, 2]]}, {"input": [[6, 8, 3], [6, 8, 3], [6, 8, 3]], "output": [[2, 9, 4], [2, 9, 4], [2, 9, 4]]}, {"input": [[4, 5, 8], [4, 5, 8], [4, 5, 8]], "output": [[3, 1, 9], [3, 1, 9], [3, 1, 9]]}, {"input": [[3, 4, 1], [3, 4, 1], [3, 4, 1]], "output": [[4, 3, 5], [4, 3, 5], [4, 3, 5]]}, {"input": [[9, 2, 3], [9, 2, 3], [9, 2, 3]], "output": [[8, 6, 4], [8, 6, 4], [8, 6, 4]]}, {"input": [[4, 3, 5], [4, 3, 5], [4, 3, 5]], "output": [[3, 4, 1], [3, 4, 1], [3, 4, 1]]}, {"input": [[2, 9, 1], [2, 9, 1], [2, 9, 1]], "output": [[6, 8, 5], [6, 8, 5], [6, 8, 5]]}, {"input": [[1, 3, 6], [1, 3, 6], [1, 3, 6]], "output": [[5, 4, 2], [5, 4, 2], [5, 4, 2]]}, {"input": [[3, 2, 9], [3, 2, 9], [3, 2, 9]], "output": [[4, 6, 8], [4, 6, 8], [4, 6, 8]]}, {"input": [[9, 6, 1], [9, 6, 1], [9, 6, 1]], "output": [[8, 2, 5], [8, 2, 5], [8, 2, 5]]}, {"input": [[8, 4, 6], [8, 4, 6], [8, 4, 6]], "output": [[9, 3, 2], [9, 3, 2], [9, 3, 2]]}, {"input": [[2, 4, 6], [2, 4, 6], [2, 4, 6]], "output": [[6, 3, 2], [6, 3, 2], [6, 3, 2]]}, {"input": [[5, 9, 4], [5, 9, 4], [5, 9, 4]], "output": [[1, 8, 3], [1, 8, 3], [1, 8, 3]]}, {"input": [[5, 9, 1], [5, 9, 1], [5, 9, 1]], "output": [[1, 8, 5], [1, 8, 5], [1, 8, 5]]}, {"input": [[3, 1, 2], [3, 1, 2], [3, 1, 2]], "output": [[4, 5, 6], [4, 5, 6], [4, 5, 6]]}, {"input": [[2, 6, 4], [2, 6, 4], [2, 6, 4]], "output": [[6, 2, 3], [6, 2, 3], [6, 2, 3]]}, {"input": [[6, 2, 1], [6, 2, 1], [6, 2, 1]], "output": [[2, 6, 5], [2, 6, 5], [2, 6, 5]]}, {"input": [[4, 3, 8], [4, 3, 8], [4, 3, 8]], "output": [[3, 4, 9], [3, 4, 9], [3, 4, 9]]}, {"input": [[2, 9, 5], [2, 9, 5], [2, 9, 5]], "output": [[6, 8, 1], [6, 8, 1], [6, 8, 1]]}, {"input": [[4, 6, 1], [4, 6, 1], [4, 6, 1]], "output": [[3, 2, 5], [3, 2, 5], [3, 2, 5]]}, {"input": [[1, 9, 5], [1, 9, 5], [1, 9, 5]], "output": [[5, 8, 1], [5, 8, 1], [5, 8, 1]]}, {"input": [[5, 8, 4], [5, 8, 4], [5, 8, 4]], "output": [[1, 9, 3], [1, 9, 3], [1, 9, 3]]}, {"input": [[8, 9, 3], [8, 9, 3], [8, 9, 3]], "output": [[9, 8, 4], [9, 8, 4], [9, 8, 4]]}, {"input": [[1, 4, 6], [1, 4, 6], [1, 4, 6]], "output": [[5, 3, 2], [5, 3, 2], [5, 3, 2]]}, {"input": [[3, 6, 4], [3, 6, 4], [3, 6, 4]], "output": [[4, 2, 3], [4, 2, 3], [4, 2, 3]]}, {"input": [[8, 4, 1], [8, 4, 1], [8, 4, 1]], "output": [[9, 3, 5], [9, 3, 5], [9, 3, 5]]}]}