{"train": [{"input": [[1, 2], [3, 8]], "output": [[0, 1, 2, 0], [1, 1, 2, 2], [3, 3, 8, 8], [0, 3, 8, 0]]}, {"input": [[1, 8, 4], [8, 3, 8]], "output": [[0, 1, 8, 4, 0], [1, 1, 8, 4, 4], [8, 8, 3, 8, 8], [0, 8, 3, 8, 0]]}, {"input": [[2, 1, 4], [8, 0, 2], [3, 2, 8]], "output": [[0, 2, 1, 4, 0], [2, 2, 1, 4, 4], [8, 8, 0, 2, 2], [3, 3, 2, 8, 8], [0, 3, 2, 8, 0]]}], "test": [{"input": [[2, 8], [1, 4], [3, 4]], "output": [[0, 2, 8, 0], [2, 2, 8, 8], [1, 1, 4, 4], [3, 3, 4, 4], [0, 3, 4, 0]]}], "arc-gen": [{"input": [[2, 8], [1, 3], [4, 8]], "output": [[0, 2, 8, 0], [2, 2, 8, 8], [1, 1, 3, 3], [4, 4, 8, 8], [0, 4, 8, 0]]}, {"input": [[8, 8], [1, 2], [8, 8]], "output": [[0, 8, 8, 0], [8, 8, 8, 8], [1, 1, 2, 2], [8, 8, 8, 8], [0, 8, 8, 0]]}, {"input": [[1, 1], [3, 4], [2, 4]], "output": [[0, 1, 1, 0], [1, 1, 1, 1], [3, 3, 4, 4], [2, 2, 4, 4], [0, 2, 4, 0]]}, {"input": [[1, 3, 3], [3, 2, 1]], "output": [[0, 1, 3, 3, 0], [1, 1, 3, 3, 3], [3, 3, 2, 1, 1], [0, 3, 2, 1, 0]]}, {"input": [[2, 2, 4], [8, 0, 2], [3, 3, 8]], "output": [[0, 2, 2, 4, 0], [2, 2, 2, 4, 4], [8, 8, 0, 2, 2], [3, 3, 3, 8, 8], [0, 3, 3, 8, 0]]}, {"input": [[3, 8, 1], [4, 0, 4], [4, 2, 8]], "output": [[0, 3, 8, 1, 0], [3, 3, 8, 1, 1], [4, 4, 0, 4, 4], [4, 4, 2, 8, 8], [0, 4, 2, 8, 0]]}, {"input": [[3, 3], [4, 4], [8, 2]], "output": [[0, 3, 3, 0], [3, 3, 3, 3], [4, 4, 4, 4], [8, 8, 2, 2], [0, 8, 2, 0]]}, {"input": [[1, 4], [2, 2], [2, 8]], "output": [[0, 1, 4, 0], [1, 1, 4, 4], [2, 2, 2, 2], [2, 2, 8, 8], [0, 2, 8, 0]]}, {"input": [[1, 4, 8], [8, 2, 4]], "output": [[0, 1, 4, 8, 0], [1, 1, 4, 8, 8], [8, 8, 2, 4, 4], [0, 8, 2, 4, 0]]}, {"input": [[3, 8], [8, 1], [8, 1]], "output": [[0, 3, 8, 0], [3, 3, 8, 8], [8, 8, 1, 1], [8, 8, 1, 1], [0, 8, 1, 0]]}, {"input": [[1, 1, 4], [3, 8, 8]], "output": [[0, 1, 1, 4, 0], [1, 1, 1, 4, 4], [3, 3, 8, 8, 8], [0, 3, 8, 8, 0]]}, {"input": [[1, 2], [8, 1], [4, 4]], "output": [[0, 1, 2, 0], [1, 1, 2, 2], [8, 8, 1, 1], [4, 4, 4, 4], [0, 4, 4, 0]]}, {"input": [[3, 4, 2], [1, 4, 1]], "output": [[0, 3, 4, 2, 0], [3, 3, 4, 2, 2], [1, 1, 4, 1, 1], [0, 1, 4, 1, 0]]}, {"input": [[1, 1], [8, 8], [8, 1]], "output": [[0, 1, 1, 0], [1, 1, 1, 1], [8, 8, 8, 8], [8, 8, 1, 1], [0, 8, 1, 0]]}, {"input": [[8, 3, 3], [8, 3, 8]], "output": [[0, 8, 3, 3, 0], [8, 8, 3, 3, 3], [8, 8, 3, 8, 8], [0, 8, 3, 8, 0]]}, {"input": [[8, 4, 4], [4, 0, 3], [2, 2, 1]], "output": [[0, 8, 4, 4, 0], [8, 8, 4, 4, 4], [4, 4, 0, 3, 3], [2, 2, 2, 1, 1], [0, 2, 2, 1, 0]]}, {"input": [[8, 3], [2, 4], [2, 1]], "output": [[0, 8, 3, 0], [8, 8, 3, 3], [2, 2, 4, 4], [2, 2, 1, 1], [0, 2, 1, 0]]}, {"input": [[8, 2, 3], [1, 4, 1]], "output": [[0, 8, 2, 3, 0], [8, 8, 2, 3, 3], [1, 1, 4, 1, 1], [0, 1, 4, 1, 0]]}, {"input": [[8, 8, 8], [4, 2, 4]], "output": [[0, 8, 8, 8, 0], [8, 8, 8, 8, 8], [4, 4, 2, 4, 4], [0, 4, 2, 4, 0]]}, {"input": [[1, 8], [3, 4], [8, 1]], "output": [[0, 1, 8, 0], [1, 1, 8, 8], [3, 3, 4, 4], [8, 8, 1, 1], [0, 8, 1, 0]]}, {"input": [[1, 8], [2, 1], [3, 4]], "output": [[0, 1, 8, 0], [1, 1, 8, 8], [2, 2, 1, 1], [3, 3, 4, 4], [0, 3, 4, 0]]}, {"input": [[4, 3, 2], [1, 0, 2], [3, 4, 3]], "output": [[0, 4, 3, 2, 0], [4, 4, 3, 2, 2], [1, 1, 0, 2, 2], [3, 3, 4, 3, 3], [0, 3, 4, 3, 0]]}, {"input": [[2, 4], [1, 4], [4, 1]], "output": [[0, 2, 4, 0], [2, 2, 4, 4], [1, 1, 4, 4], [4, 4, 1, 1], [0, 4, 1, 0]]}, {"input": [[8, 4, 8], [3, 0, 3], [1, 1, 8]], "output": [[0, 8, 4, 8, 0], [8, 8, 4, 8, 8], [3, 3, 0, 3, 3], [1, 1, 1, 8, 8], [0, 1, 1, 8, 0]]}, {"input": [[8, 4, 8], [4, 8, 1]], "output": [[0, 8, 4, 8, 0], [8, 8, 4, 8, 8], [4, 4, 8, 1, 1], [0, 4, 8, 1, 0]]}, {"input": [[4, 3, 3], [4, 3, 8]], "output": [[0, 4, 3, 3, 0], [4, 4, 3, 3, 3], [4, 4, 3, 8, 8], [0, 4, 3, 8, 0]]}, {"input": [[8, 4], [3, 1], [1, 2]], "output": [[0, 8, 4, 0], [8, 8, 4, 4], [3, 3, 1, 1], [1, 1, 2, 2], [0, 1, 2, 0]]}, {"input": [[8, 1, 2], [1, 0, 8], [1, 8, 2]], "output": [[0, 8, 1, 2, 0], [8, 8, 1, 2, 2], [1, 1, 0, 8, 8], [1, 1, 8, 2, 2], [0, 1, 8, 2, 0]]}, {"input": [[1, 2, 2], [4, 0, 1], [3, 4, 8]], "output": [[0, 1, 2, 2, 0], [1, 1, 2, 2, 2], [4, 4, 0, 1, 1], [3, 3, 4, 8, 8], [0, 3, 4, 8, 0]]}, {"input": [[3, 3], [8, 2]], "output": [[0, 3, 3, 0], [3, 3, 3, 3], [8, 8, 2, 2], [0, 8, 2, 0]]}, {"input": [[2, 4], [1, 1], [8, 2]], "output": [[0, 2, 4, 0], [2, 2, 4, 4], [1, 1, 1, 1], [8, 8, 2, 2], [0, 8, 2, 0]]}, {"input": [[2, 2, 1], [1, 0, 2], [1, 1, 4]], "output": [[0, 2, 2, 1, 0], [2, 2, 2, 1, 1], [1, 1, 0, 2, 2], [1, 1, 1, 4, 4], [0, 1, 1, 4, 0]]}, {"input": [[8, 1, 2], [8, 0, 8], [4, 2, 1]], "output": [[0, 8, 1, 2, 0], [8, 8, 1, 2, 2], [8, 8, 0, 8, 8], [4, 4, 2, 1, 1], [0, 4, 2, 1, 0]]}, {"input": [[1, 4], [2, 3]], "output": [[0, 1, 4, 0], [1, 1, 4, 4], [2, 2, 3, 3], [0, 2, 3, 0]]}, {"input": [[4, 4, 3], [8, 4, 2]], "output": [[0, 4, 4, 3, 0], [4, 4, 4, 3, 3], [8, 8, 4, 2, 2], [0, 8, 4, 2, 0]]}, {"input": [[1, 4, 1], [8, 0, 1], [4, 8, 4]], "output": [[0, 1, 4, 1, 0], [1, 1, 4, 1, 1], [8, 8, 0, 1, 1], [4, 4, 8, 4, 4], [0, 4, 8, 4, 0]]}, {"input": [[4, 1, 3], [1, 0, 8], [4, 1, 4]], "output": [[0, 4, 1, 3, 0], [4, 4, 1, 3, 3], [1, 1, 0, 8, 8], [4, 4, 1, 4, 4], [0, 4, 1, 4, 0]]}, {"input": [[8, 2, 8], [4, 0, 8], [8, 3, 3]], "output": [[0, 8, 2, 8, 0], [8, 8, 2, 8, 8], [4, 4, 0, 8, 8], [8, 8, 3, 3, 3], [0, 8, 3, 3, 0]]}, {"input": [[8, 3], [1, 2]], "output": [[0, 8, 3, 0], [8, 8, 3, 3], [1, 1, 2, 2], [0, 1, 2, 0]]}, {"input": [[4, 4, 8], [3, 4, 4]], "output": [[0, 4, 4, 8, 0], [4, 4, 4, 8, 8], [3, 3, 4, 4, 4], [0, 3, 4, 4, 0]]}, {"input": [[2, 2, 1], [2, 1, 4]], "output": [[0, 2, 2, 1, 0], [2, 2, 2, 1, 1], [2, 2, 1, 4, 4], [0, 2, 1, 4, 0]]}, {"input": [[2, 4], [1, 4], [4, 3]], "output": [[0, 2, 4, 0], [2, 2, 4, 4], [1, 1, 4, 4], [4, 4, 3, 3], [0, 4, 3, 0]]}, {"input": [[8, 1], [8, 4]], "output": [[0, 8, 1, 0], [8, 8, 1, 1], [8, 8, 4, 4], [0, 8, 4, 0]]}, {"input": [[4, 1], [8, 4], [4, 1]], "output": [[0, 4, 1, 0], [4, 4, 1, 1], [8, 8, 4, 4], [4, 4, 1, 1], [0, 4, 1, 0]]}, {"input": [[8, 3, 3], [1, 0, 2], [3, 8, 2]], "output": [[0, 8, 3, 3, 0], [8, 8, 3, 3, 3], [1, 1, 0, 2, 2], [3, 3, 8, 2, 2], [0, 3, 8, 2, 0]]}, {"input": [[1, 1, 3], [8, 1, 8]], "output": [[0, 1, 1, 3, 0], [1, 1, 1, 3, 3], [8, 8, 1, 8, 8], [0, 8, 1, 8, 0]]}, {"input": [[8, 2], [1, 1]], "output": [[0, 8, 2, 0], [8, 8, 2, 2], [1, 1, 1, 1], [0, 1, 1, 0]]}, {"input": [[4, 8, 8], [4, 3, 8]], "output": [[0, 4, 8, 8, 0], [4, 4, 8, 8, 8], [4, 4, 3, 8, 8], [0, 4, 3, 8, 0]]}, {"input": [[1, 1], [2, 1]], "output": [[0, 1, 1, 0], [1, 1, 1, 1], [2, 2, 1, 1], [0, 2, 1, 0]]}, {"input": [[8, 2, 1], [8, 3, 1]], "output": [[0, 8, 2, 1, 0], [8, 8, 2, 1, 1], [8, 8, 3, 1, 1], [0, 8, 3, 1, 0]]}, {"input": [[4, 8, 8], [2, 0, 1], [1, 8, 1]], "output": [[0, 4, 8, 8, 0], [4, 4, 8, 8, 8], [2, 2, 0, 1, 1], [1, 1, 8, 1, 1], [0, 1, 8, 1, 0]]}, {"input": [[8, 3], [3, 8]], "output": [[0, 8, 3, 0], [8, 8, 3, 3], [3, 3, 8, 8], [0, 3, 8, 0]]}, {"input": [[1, 1, 3], [1, 0, 4], [8, 1, 3]], "output": [[0, 1, 1, 3, 0], [1, 1, 1, 3, 3], [1, 1, 0, 4, 4], [8, 8, 1, 3, 3], [0, 8, 1, 3, 0]]}, {"input": [[1, 4], [3, 3]], "output": [[0, 1, 4, 0], [1, 1, 4, 4], [3, 3, 3, 3], [0, 3, 3, 0]]}, {"input": [[2, 2, 4], [2, 8, 8]], "output": [[0, 2, 2, 4, 0], [2, 2, 2, 4, 4], [2, 2, 8, 8, 8], [0, 2, 8, 8, 0]]}, {"input": [[4, 8], [4, 3], [2, 4]], "output": [[0, 4, 8, 0], [4, 4, 8, 8], [4, 4, 3, 3], [2, 2, 4, 4], [0, 2, 4, 0]]}, {"input": [[1, 4, 1], [8, 8, 4]], "output": [[0, 1, 4, 1, 0], [1, 1, 4, 1, 1], [8, 8, 8, 4, 4], [0, 8, 8, 4, 0]]}, {"input": [[4, 1], [2, 3]], "output": [[0, 4, 1, 0], [4, 4, 1, 1], [2, 2, 3, 3], [0, 2, 3, 0]]}, {"input": [[1, 3], [3, 3]], "output": [[0, 1, 3, 0], [1, 1, 3, 3], [3, 3, 3, 3], [0, 3, 3, 0]]}, {"input": [[8, 3, 3], [4, 0, 4], [4, 1, 1]], "output": [[0, 8, 3, 3, 0], [8, 8, 3, 3, 3], [4, 4, 0, 4, 4], [4, 4, 1, 1, 1], [0, 4, 1, 1, 0]]}, {"input": [[2, 2], [1, 1]], "output": [[0, 2, 2, 0], [2, 2, 2, 2], [1, 1, 1, 1], [0, 1, 1, 0]]}, {"input": [[8, 4, 8], [1, 2, 1]], "output": [[0, 8, 4, 8, 0], [8, 8, 4, 8, 8], [1, 1, 2, 1, 1], [0, 1, 2, 1, 0]]}, {"input": [[2, 4], [3, 8]], "output": [[0, 2, 4, 0], [2, 2, 4, 4], [3, 3, 8, 8], [0, 3, 8, 0]]}, {"input": [[4, 2, 8], [1, 4, 8]], "output": [[0, 4, 2, 8, 0], [4, 4, 2, 8, 8], [1, 1, 4, 8, 8], [0, 1, 4, 8, 0]]}, {"input": [[8, 2, 1], [8, 8, 3]], "output": [[0, 8, 2, 1, 0], [8, 8, 2, 1, 1], [8, 8, 8, 3, 3], [0, 8, 8, 3, 0]]}, {"input": [[4, 8], [1, 2], [4, 1]], "output": [[0, 4, 8, 0], [4, 4, 8, 8], [1, 1, 2, 2], [4, 4, 1, 1], [0, 4, 1, 0]]}, {"input": [[1, 2, 1], [3, 0, 2], [2, 3, 8]], "output": [[0, 1, 2, 1, 0], [1, 1, 2, 1, 1], [3, 3, 0, 2, 2], [2, 2, 3, 8, 8], [0, 2, 3, 8, 0]]}, {"input": [[2, 3, 8], [3, 0, 4], [1, 4, 8]], "output": [[0, 2, 3, 8, 0], [2, 2, 3, 8, 8], [3, 3, 0, 4, 4], [1, 1, 4, 8, 8], [0, 1, 4, 8, 0]]}, {"input": [[1, 2, 4], [2, 0, 2], [4, 2, 8]], "output": [[0, 1, 2, 4, 0], [1, 1, 2, 4, 4], [2, 2, 0, 2, 2], [4, 4, 2, 8, 8], [0, 4, 2, 8, 0]]}, {"input": [[1, 4], [2, 8], [3, 8]], "output": [[0, 1, 4, 0], [1, 1, 4, 4], [2, 2, 8, 8], [3, 3, 8, 8], [0, 3, 8, 0]]}, {"input": [[2, 2, 1], [3, 0, 3], [8, 3, 4]], "output": [[0, 2, 2, 1, 0], [2, 2, 2, 1, 1], [3, 3, 0, 3, 3], [8, 8, 3, 4, 4], [0, 8, 3, 4, 0]]}, {"input": [[3, 3], [8, 4]], "output": [[0, 3, 3, 0], [3, 3, 3, 3], [8, 8, 4, 4], [0, 8, 4, 0]]}, {"input": [[1, 3], [2, 3], [2, 2]], "output": [[0, 1, 3, 0], [1, 1, 3, 3], [2, 2, 3, 3], [2, 2, 2, 2], [0, 2, 2, 0]]}, {"input": [[1, 2], [4, 8]], "output": [[0, 1, 2, 0], [1, 1, 2, 2], [4, 4, 8, 8], [0, 4, 8, 0]]}, {"input": [[4, 3, 1], [1, 1, 2]], "output": [[0, 4, 3, 1, 0], [4, 4, 3, 1, 1], [1, 1, 1, 2, 2], [0, 1, 1, 2, 0]]}, {"input": [[1, 4, 1], [8, 0, 3], [1, 1, 2]], "output": [[0, 1, 4, 1, 0], [1, 1, 4, 1, 1], [8, 8, 0, 3, 3], [1, 1, 1, 2, 2], [0, 1, 1, 2, 0]]}, {"input": [[1, 3, 8], [2, 8, 2]], "output": [[0, 1, 3, 8, 0], [1, 1, 3, 8, 8], [2, 2, 8, 2, 2], [0, 2, 8, 2, 0]]}, {"input": [[4, 3, 8], [8, 4, 4]], "output": [[0, 4, 3, 8, 0], [4, 4, 3, 8, 8], [8, 8, 4, 4, 4], [0, 8, 4, 4, 0]]}, {"input": [[1, 4], [1, 8], [3, 4]], "output": [[0, 1, 4, 0], [1, 1, 4, 4], [1, 1, 8, 8], [3, 3, 4, 4], [0, 3, 4, 0]]}, {"input": [[4, 4], [3, 8]], "output": [[0, 4, 4, 0], [4, 4, 4, 4], [3, 3, 8, 8], [0, 3, 8, 0]]}, {"input": [[1, 4], [4, 1], [1, 4]], "output": [[0, 1, 4, 0], [1, 1, 4, 4], [4, 4, 1, 1], [1, 1, 4, 4], [0, 1, 4, 0]]}, {"input": [[3, 1, 8], [2, 1, 3]], "output": [[0, 3, 1, 8, 0], [3, 3, 1, 8, 8], [2, 2, 1, 3, 3], [0, 2, 1, 3, 0]]}, {"input": [[8, 3], [4, 8]], "output": [[0, 8, 3, 0], [8, 8, 3, 3], [4, 4, 8, 8], [0, 4, 8, 0]]}, {"input": [[3, 2, 2], [3, 3, 4]], "output": [[0, 3, 2, 2, 0], [3, 3, 2, 2, 2], [3, 3, 3, 4, 4], [0, 3, 3, 4, 0]]}, {"input": [[3, 1, 3], [4, 0, 2], [3, 4, 3]], "output": [[0, 3, 1, 3, 0], [3, 3, 1, 3, 3], [4, 4, 0, 2, 2], [3, 3, 4, 3, 3], [0, 3, 4, 3, 0]]}, {"input": [[4, 8], [4, 2]], "output": [[0, 4, 8, 0], [4, 4, 8, 8], [4, 4, 2, 2], [0, 4, 2, 0]]}, {"input": [[3, 4, 8], [1, 0, 2], [4, 1, 3]], "output": [[0, 3, 4, 8, 0], [3, 3, 4, 8, 8], [1, 1, 0, 2, 2], [4, 4, 1, 3, 3], [0, 4, 1, 3, 0]]}, {"input": [[3, 3], [8, 1], [1, 4]], "output": [[0, 3, 3, 0], [3, 3, 3, 3], [8, 8, 1, 1], [1, 1, 4, 4], [0, 1, 4, 0]]}, {"input": [[3, 8], [2, 3], [8, 8]], "output": [[0, 3, 8, 0], [3, 3, 8, 8], [2, 2, 3, 3], [8, 8, 8, 8], [0, 8, 8, 0]]}, {"input": [[4, 2], [8, 4]], "output": [[0, 4, 2, 0], [4, 4, 2, 2], [8, 8, 4, 4], [0, 8, 4, 0]]}, {"input": [[4, 2, 2], [8, 0, 3], [2, 1, 3]], "output": [[0, 4, 2, 2, 0], [4, 4, 2, 2, 2], [8, 8, 0, 3, 3], [2, 2, 1, 3, 3], [0, 2, 1, 3, 0]]}, {"input": [[3, 2], [4, 4]], "output": [[0, 3, 2, 0], [3, 3, 2, 2], [4, 4, 4, 4], [0, 4, 4, 0]]}, {"input": [[4, 2], [3, 2], [4, 2]], "output": [[0, 4, 2, 0], [4, 4, 2, 2], [3, 3, 2, 2], [4, 4, 2, 2], [0, 4, 2, 0]]}, {"input": [[2, 1, 8], [8, 0, 2], [1, 1, 1]], "output": [[0, 2, 1, 8, 0], [2, 2, 1, 8, 8], [8, 8, 0, 2, 2], [1, 1, 1, 1, 1], [0, 1, 1, 1, 0]]}, {"input": [[8, 1], [8, 8], [4, 2]], "output": [[0, 8, 1, 0], [8, 8, 1, 1], [8, 8, 8, 8], [4, 4, 2, 2], [0, 4, 2, 0]]}, {"input": [[1, 4, 2], [4, 4, 3]], "output": [[0, 1, 4, 2, 0], [1, 1, 4, 2, 2], [4, 4, 4, 3, 3], [0, 4, 4, 3, 0]]}, {"input": [[3, 4], [1, 3]], "output": [[0, 3, 4, 0], [3, 3, 4, 4], [1, 1, 3, 3], [0, 1, 3, 0]]}, {"input": [[2, 1, 3], [8, 0, 8], [1, 3, 3]], "output": [[0, 2, 1, 3, 0], [2, 2, 1, 3, 3], [8, 8, 0, 8, 8], [1, 1, 3, 3, 3], [0, 1, 3, 3, 0]]}, {"input": [[4, 2, 8], [8, 3, 1]], "output": [[0, 4, 2, 8, 0], [4, 4, 2, 8, 8], [8, 8, 3, 1, 1], [0, 8, 3, 1, 0]]}, {"input": [[2, 3], [2, 4]], "output": [[0, 2, 3, 0], [2, 2, 3, 3], [2, 2, 4, 4], [0, 2, 4, 0]]}, {"input": [[4, 2, 2], [8, 2, 8]], "output": [[0, 4, 2, 2, 0], [4, 4, 2, 2, 2], [8, 8, 2, 8, 8], [0, 8, 2, 8, 0]]}, {"input": [[2, 8], [8, 8], [8, 1]], "output": [[0, 2, 8, 0], [2, 2, 8, 8], [8, 8, 8, 8], [8, 8, 1, 1], [0, 8, 1, 0]]}, {"input": [[4, 2], [3, 1]], "output": [[0, 4, 2, 0], [4, 4, 2, 2], [3, 3, 1, 1], [0, 3, 1, 0]]}, {"input": [[3, 8], [3, 2], [1, 1]], "output": [[0, 3, 8, 0], [3, 3, 8, 8], [3, 3, 2, 2], [1, 1, 1, 1], [0, 1, 1, 0]]}, {"input": [[1, 4], [8, 4], [3, 1]], "output": [[0, 1, 4, 0], [1, 1, 4, 4], [8, 8, 4, 4], [3, 3, 1, 1], [0, 3, 1, 0]]}, {"input": [[2, 2, 4], [4, 0, 4], [3, 8, 8]], "output": [[0, 2, 2, 4, 0], [2, 2, 2, 4, 4], [4, 4, 0, 4, 4], [3, 3, 8, 8, 8], [0, 3, 8, 8, 0]]}, {"input": [[2, 4, 8], [1, 3, 2]], "output": [[0, 2, 4, 8, 0], [2, 2, 4, 8, 8], [1, 1, 3, 2, 2], [0, 1, 3, 2, 0]]}, {"input": [[3, 8], [2, 1], [4, 1]], "output": [[0, 3, 8, 0], [3, 3, 8, 8], [2, 2, 1, 1], [4, 4, 1, 1], [0, 4, 1, 0]]}, {"input": [[8, 4, 3], [2, 0, 3], [2, 8, 1]], "output": [[0, 8, 4, 3, 0], [8, 8, 4, 3, 3], [2, 2, 0, 3, 3], [2, 2, 8, 1, 1], [0, 2, 8, 1, 0]]}, {"input": [[8, 2], [3, 3]], "output": [[0, 8, 2, 0], [8, 8, 2, 2], [3, 3, 3, 3], [0, 3, 3, 0]]}, {"input": [[8, 4], [2, 2]], "output": [[0, 8, 4, 0], [8, 8, 4, 4], [2, 2, 2, 2], [0, 2, 2, 0]]}, {"input": [[8, 3, 1], [2, 0, 4], [3, 4, 2]], "output": [[0, 8, 3, 1, 0], [8, 8, 3, 1, 1], [2, 2, 0, 4, 4], [3, 3, 4, 2, 2], [0, 3, 4, 2, 0]]}, {"input": [[3, 8, 2], [1, 0, 3], [4, 2, 4]], "output": [[0, 3, 8, 2, 0], [3, 3, 8, 2, 2], [1, 1, 0, 3, 3], [4, 4, 2, 4, 4], [0, 4, 2, 4, 0]]}, {"input": [[4, 2], [3, 2]], "output": [[0, 4, 2, 0], [4, 4, 2, 2], [3, 3, 2, 2], [0, 3, 2, 0]]}, {"input": [[3, 3, 1], [4, 0, 1], [1, 2, 2]], "output": [[0, 3, 3, 1, 0], [3, 3, 3, 1, 1], [4, 4, 0, 1, 1], [1, 1, 2, 2, 2], [0, 1, 2, 2, 0]]}, {"input": [[4, 8, 4], [3, 2, 8]], "output": [[0, 4, 8, 4, 0], [4, 4, 8, 4, 4], [3, 3, 2, 8, 8], [0, 3, 2, 8, 0]]}, {"input": [[1, 1], [2, 2]], "output": [[0, 1, 1, 0], [1, 1, 1, 1], [2, 2, 2, 2], [0, 2, 2, 0]]}, {"input": [[3, 8], [4, 4]], "output": [[0, 3, 8, 0], [3, 3, 8, 8], [4, 4, 4, 4], [0, 4, 4, 0]]}, {"input": [[2, 8, 4], [4, 0, 4], [2, 2, 1]], "output": [[0, 2, 8, 4, 0], [2, 2, 8, 4, 4], [4, 4, 0, 4, 4], [2, 2, 2, 1, 1], [0, 2, 2, 1, 0]]}, {"input": [[4, 8, 3], [3, 3, 2]], "output": [[0, 4, 8, 3, 0], [4, 4, 8, 3, 3], [3, 3, 3, 2, 2], [0, 3, 3, 2, 0]]}, {"input": [[4, 3], [1, 3], [1, 2]], "output": [[0, 4, 3, 0], [4, 4, 3, 3], [1, 1, 3, 3], [1, 1, 2, 2], [0, 1, 2, 0]]}, {"input": [[4, 3], [4, 1], [4, 1]], "output": [[0, 4, 3, 0], [4, 4, 3, 3], [4, 4, 1, 1], [4, 4, 1, 1], [0, 4, 1, 0]]}, {"input": [[8, 3, 8], [1, 2, 8]], "output": [[0, 8, 3, 8, 0], [8, 8, 3, 8, 8], [1, 1, 2, 8, 8], [0, 1, 2, 8, 0]]}, {"input": [[8, 2], [2, 8], [1, 3]], "output": [[0, 8, 2, 0], [8, 8, 2, 2], [2, 2, 8, 8], [1, 1, 3, 3], [0, 1, 3, 0]]}, {"input": [[3, 8, 1], [3, 0, 4], [3, 4, 1]], "output": [[0, 3, 8, 1, 0], [3, 3, 8, 1, 1], [3, 3, 0, 4, 4], [3, 3, 4, 1, 1], [0, 3, 4, 1, 0]]}, {"input": [[8, 1, 2], [8, 0, 2], [2, 1, 3]], "output": [[0, 8, 1, 2, 0], [8, 8, 1, 2, 2], [8, 8, 0, 2, 2], [2, 2, 1, 3, 3], [0, 2, 1, 3, 0]]}, {"input": [[3, 2, 3], [8, 4, 4]], "output": [[0, 3, 2, 3, 0], [3, 3, 2, 3, 3], [8, 8, 4, 4, 4], [0, 8, 4, 4, 0]]}, {"input": [[2, 2], [3, 3]], "output": [[0, 2, 2, 0], [2, 2, 2, 2], [3, 3, 3, 3], [0, 3, 3, 0]]}, {"input": [[2, 1, 4], [8, 0, 8], [8, 1, 8]], "output": [[0, 2, 1, 4, 0], [2, 2, 1, 4, 4], [8, 8, 0, 8, 8], [8, 8, 1, 8, 8], [0, 8, 1, 8, 0]]}, {"input": [[4, 8], [2, 4]], "output": [[0, 4, 8, 0], [4, 4, 8, 8], [2, 2, 4, 4], [0, 2, 4, 0]]}, {"input": [[4, 8, 1], [2, 1, 4]], "output": [[0, 4, 8, 1, 0], [4, 4, 8, 1, 1], [2, 2, 1, 4, 4], [0, 2, 1, 4, 0]]}, {"input": [[3, 8, 1], [8, 0, 2], [4, 2, 3]], "output": [[0, 3, 8, 1, 0], [3, 3, 8, 1, 1], [8, 8, 0, 2, 2], [4, 4, 2, 3, 3], [0, 4, 2, 3, 0]]}, {"input": [[3, 4, 2], [8, 0, 4], [4, 8, 8]], "output": [[0, 3, 4, 2, 0], [3, 3, 4, 2, 2], [8, 8, 0, 4, 4], [4, 4, 8, 8, 8], [0, 4, 8, 8, 0]]}, {"input": [[8, 3, 2], [1, 4, 1]], "output": [[0, 8, 3, 2, 0], [8, 8, 3, 2, 2], [1, 1, 4, 1, 1], [0, 1, 4, 1, 0]]}, {"input": [[4, 4, 2], [3, 0, 2], [1, 8, 2]], "output": [[0, 4, 4, 2, 0], [4, 4, 4, 2, 2], [3, 3, 0, 2, 2], [1, 1, 8, 2, 2], [0, 1, 8, 2, 0]]}, {"input": [[8, 8], [4, 2], [3, 4]], "output": [[0, 8, 8, 0], [8, 8, 8, 8], [4, 4, 2, 2], [3, 3, 4, 4], [0, 3, 4, 0]]}, {"input": [[3, 2, 4], [3, 0, 2], [8, 3, 4]], "output": [[0, 3, 2, 4, 0], [3, 3, 2, 4, 4], [3, 3, 0, 2, 2], [8, 8, 3, 4, 4], [0, 8, 3, 4, 0]]}, {"input": [[4, 2, 2], [4, 0, 4], [2, 3, 3]], "output": [[0, 4, 2, 2, 0], [4, 4, 2, 2, 2], [4, 4, 0, 4, 4], [2, 2, 3, 3, 3], [0, 2, 3, 3, 0]]}, {"input": [[2, 1, 2], [8, 2, 8]], "output": [[0, 2, 1, 2, 0], [2, 2, 1, 2, 2], [8, 8, 2, 8, 8], [0, 8, 2, 8, 0]]}, {"input": [[8, 2, 3], [8, 0, 1], [1, 1, 8]], "output": [[0, 8, 2, 3, 0], [8, 8, 2, 3, 3], [8, 8, 0, 1, 1], [1, 1, 1, 8, 8], [0, 1, 1, 8, 0]]}, {"input": [[8, 8], [2, 8]], "output": [[0, 8, 8, 0], [8, 8, 8, 8], [2, 2, 8, 8], [0, 2, 8, 0]]}, {"input": [[8, 1], [1, 8], [4, 8]], "output": [[0, 8, 1, 0], [8, 8, 1, 1], [1, 1, 8, 8], [4, 4, 8, 8], [0, 4, 8, 0]]}, {"input": [[3, 1], [3, 3]], "output": [[0, 3, 1, 0], [3, 3, 1, 1], [3, 3, 3, 3], [0, 3, 3, 0]]}, {"input": [[2, 2, 1], [8, 3, 4]], "output": [[0, 2, 2, 1, 0], [2, 2, 2, 1, 1], [8, 8, 3, 4, 4], [0, 8, 3, 4, 0]]}, {"input": [[1, 4, 1], [3, 0, 8], [3, 1, 8]], "output": [[0, 1, 4, 1, 0], [1, 1, 4, 1, 1], [3, 3, 0, 8, 8], [3, 3, 1, 8, 8], [0, 3, 1, 8, 0]]}, {"input": [[8, 4], [3, 2], [1, 1]], "output": [[0, 8, 4, 0], [8, 8, 4, 4], [3, 3, 2, 2], [1, 1, 1, 1], [0, 1, 1, 0]]}, {"input": [[1, 4], [4, 1], [3, 4]], "output": [[0, 1, 4, 0], [1, 1, 4, 4], [4, 4, 1, 1], [3, 3, 4, 4], [0, 3, 4, 0]]}, {"input": [[4, 4], [4, 1], [1, 1]], "output": [[0, 4, 4, 0], [4, 4, 4, 4], [4, 4, 1, 1], [1, 1, 1, 1], [0, 1, 1, 0]]}, {"input": [[2, 4], [3, 2]], "output": [[0, 2, 4, 0], [2, 2, 4, 4], [3, 3, 2, 2], [0, 3, 2, 0]]}, {"input": [[4, 3, 1], [1, 2, 3]], "output": [[0, 4, 3, 1, 0], [4, 4, 3, 1, 1], [1, 1, 2, 3, 3], [0, 1, 2, 3, 0]]}, {"input": [[1, 3], [8, 4]], "output": [[0, 1, 3, 0], [1, 1, 3, 3], [8, 8, 4, 4], [0, 8, 4, 0]]}, {"input": [[4, 2], [1, 2], [4, 2]], "output": [[0, 4, 2, 0], [4, 4, 2, 2], [1, 1, 2, 2], [4, 4, 2, 2], [0, 4, 2, 0]]}, {"input": [[4, 4], [2, 3], [3, 3]], "output": [[0, 4, 4, 0], [4, 4, 4, 4], [2, 2, 3, 3], [3, 3, 3, 3], [0, 3, 3, 0]]}, {"input": [[3, 3, 8], [2, 0, 1], [8, 1, 3]], "output": [[0, 3, 3, 8, 0], [3, 3, 3, 8, 8], [2, 2, 0, 1, 1], [8, 8, 1, 3, 3], [0, 8, 1, 3, 0]]}, {"input": [[4, 4], [3, 3]], "output": [[0, 4, 4, 0], [4, 4, 4, 4], [3, 3, 3, 3], [0, 3, 3, 0]]}, {"input": [[8, 1], [1, 3], [2, 4]], "output": [[0, 8, 1, 0], [8, 8, 1, 1], [1, 1, 3, 3], [2, 2, 4, 4], [0, 2, 4, 0]]}, {"input": [[4, 4, 1], [3, 0, 8], [8, 2, 4]], "output": [[0, 4, 4, 1, 0], [4, 4, 4, 1, 1], [3, 3, 0, 8, 8], [8, 8, 2, 4, 4], [0, 8, 2, 4, 0]]}, {"input": [[2, 1, 3], [1, 1, 8]], "output": [[0, 2, 1, 3, 0], [2, 2, 1, 3, 3], [1, 1, 1, 8, 8], [0, 1, 1, 8, 0]]}, {"input": [[1, 4], [1, 8]], "output": [[0, 1, 4, 0], [1, 1, 4, 4], [1, 1, 8, 8], [0, 1, 8, 0]]}, {"input": [[1, 4, 2], [2, 4, 8]], "output": [[0, 1, 4, 2, 0], [1, 1, 4, 2, 2], [2, 2, 4, 8, 8], [0, 2, 4, 8, 0]]}, {"input": [[2, 4], [3, 8], [2, 1]], "output": [[0, 2, 4, 0], [2, 2, 4, 4], [3, 3, 8, 8], [2, 2, 1, 1], [0, 2, 1, 0]]}, {"input": [[1, 2], [3, 8], [2, 3]], "output": [[0, 1, 2, 0], [1, 1, 2, 2], [3, 3, 8, 8], [2, 2, 3, 3], [0, 2, 3, 0]]}, {"input": [[8, 2, 1], [8, 0, 4], [2, 1, 2]], "output": [[0, 8, 2, 1, 0], [8, 8, 2, 1, 1], [8, 8, 0, 4, 4], [2, 2, 1, 2, 2], [0, 2, 1, 2, 0]]}, {"input": [[2, 8], [3, 3], [4, 8]], "output": [[0, 2, 8, 0], [2, 2, 8, 8], [3, 3, 3, 3], [4, 4, 8, 8], [0, 4, 8, 0]]}, {"input": [[2, 8, 8], [8, 1, 4]], "output": [[0, 2, 8, 8, 0], [2, 2, 8, 8, 8], [8, 8, 1, 4, 4], [0, 8, 1, 4, 0]]}, {"input": [[2, 3], [1, 2], [3, 4]], "output": [[0, 2, 3, 0], [2, 2, 3, 3], [1, 1, 2, 2], [3, 3, 4, 4], [0, 3, 4, 0]]}, {"input": [[1, 4, 3], [4, 4, 8]], "output": [[0, 1, 4, 3, 0], [1, 1, 4, 3, 3], [4, 4, 4, 8, 8], [0, 4, 4, 8, 0]]}, {"input": [[3, 2], [8, 1], [1, 3]], "output": [[0, 3, 2, 0], [3, 3, 2, 2], [8, 8, 1, 1], [1, 1, 3, 3], [0, 1, 3, 0]]}, {"input": [[3, 8, 1], [2, 8, 3]], "output": [[0, 3, 8, 1, 0], [3, 3, 8, 1, 1], [2, 2, 8, 3, 3], [0, 2, 8, 3, 0]]}, {"input": [[8, 1], [2, 4], [2, 1]], "output": [[0, 8, 1, 0], [8, 8, 1, 1], [2, 2, 4, 4], [2, 2, 1, 1], [0, 2, 1, 0]]}, {"input": [[3, 3], [2, 3]], "output": [[0, 3, 3, 0], [3, 3, 3, 3], [2, 2, 3, 3], [0, 2, 3, 0]]}, {"input": [[1, 2], [2, 1]], "output": [[0, 1, 2, 0], [1, 1, 2, 2], [2, 2, 1, 1], [0, 2, 1, 0]]}, {"input": [[2, 3], [1, 2]], "output": [[0, 2, 3, 0], [2, 2, 3, 3], [1, 1, 2, 2], [0, 1, 2, 0]]}, {"input": [[4, 8, 8], [4, 2, 2]], "output": [[0, 4, 8, 8, 0], [4, 4, 8, 8, 8], [4, 4, 2, 2, 2], [0, 4, 2, 2, 0]]}, {"input": [[2, 2], [4, 1], [1, 8]], "output": [[0, 2, 2, 0], [2, 2, 2, 2], [4, 4, 1, 1], [1, 1, 8, 8], [0, 1, 8, 0]]}, {"input": [[8, 2], [2, 1]], "output": [[0, 8, 2, 0], [8, 8, 2, 2], [2, 2, 1, 1], [0, 2, 1, 0]]}, {"input": [[1, 1, 8], [2, 0, 4], [8, 8, 2]], "output": [[0, 1, 1, 8, 0], [1, 1, 1, 8, 8], [2, 2, 0, 4, 4], [8, 8, 8, 2, 2], [0, 8, 8, 2, 0]]}, {"input": [[3, 2], [3, 1]], "output": [[0, 3, 2, 0], [3, 3, 2, 2], [3, 3, 1, 1], [0, 3, 1, 0]]}, {"input": [[2, 4], [2, 4], [1, 3]], "output": [[0, 2, 4, 0], [2, 2, 4, 4], [2, 2, 4, 4], [1, 1, 3, 3], [0, 1, 3, 0]]}, {"input": [[2, 4, 2], [8, 0, 4], [2, 8, 3]], "output": [[0, 2, 4, 2, 0], [2, 2, 4, 2, 2], [8, 8, 0, 4, 4], [2, 2, 8, 3, 3], [0, 2, 8, 3, 0]]}, {"input": [[8, 2, 8], [4, 0, 1], [1, 8, 4]], "output": [[0, 8, 2, 8, 0], [8, 8, 2, 8, 8], [4, 4, 0, 1, 1], [1, 1, 8, 4, 4], [0, 1, 8, 4, 0]]}, {"input": [[1, 2], [4, 1]], "output": [[0, 1, 2, 0], [1, 1, 2, 2], [4, 4, 1, 1], [0, 4, 1, 0]]}, {"input": [[4, 2], [2, 1], [3, 2]], "output": [[0, 4, 2, 0], [4, 4, 2, 2], [2, 2, 1, 1], [3, 3, 2, 2], [0, 3, 2, 0]]}, {"input": [[4, 3], [3, 1], [3, 2]], "output": [[0, 4, 3, 0], [4, 4, 3, 3], [3, 3, 1, 1], [3, 3, 2, 2], [0, 3, 2, 0]]}, {"input": [[2, 4], [3, 3], [2, 4]], "output": [[0, 2, 4, 0], [2, 2, 4, 4], [3, 3, 3, 3], [2, 2, 4, 4], [0, 2, 4, 0]]}, {"input": [[4, 3], [1, 4]], "output": [[0, 4, 3, 0], [4, 4, 3, 3], [1, 1, 4, 4], [0, 1, 4, 0]]}, {"input": [[2, 8, 4], [2, 0, 3], [3, 1, 4]], "output": [[0, 2, 8, 4, 0], [2, 2, 8, 4, 4], [2, 2, 0, 3, 3], [3, 3, 1, 4, 4], [0, 3, 1, 4, 0]]}, {"input": [[1, 4, 2], [2, 0, 4], [1, 3, 3]], "output": [[0, 1, 4, 2, 0], [1, 1, 4, 2, 2], [2, 2, 0, 4, 4], [1, 1, 3, 3, 3], [0, 1, 3, 3, 0]]}, {"input": [[4, 4], [4, 1]], "output": [[0, 4, 4, 0], [4, 4, 4, 4], [4, 4, 1, 1], [0, 4, 1, 0]]}, {"input": [[4, 2, 8], [2, 8, 4]], "output": [[0, 4, 2, 8, 0], [4, 4, 2, 8, 8], [2, 2, 8, 4, 4], [0, 2, 8, 4, 0]]}, {"input": [[1, 2], [1, 8], [4, 3]], "output": [[0, 1, 2, 0], [1, 1, 2, 2], [1, 1, 8, 8], [4, 4, 3, 3], [0, 4, 3, 0]]}, {"input": [[8, 8], [3, 3], [2, 8]], "output": [[0, 8, 8, 0], [8, 8, 8, 8], [3, 3, 3, 3], [2, 2, 8, 8], [0, 2, 8, 0]]}, {"input": [[2, 3], [1, 1]], "output": [[0, 2, 3, 0], [2, 2, 3, 3], [1, 1, 1, 1], [0, 1, 1, 0]]}, {"input": [[8, 3, 2], [3, 3, 1]], "output": [[0, 8, 3, 2, 0], [8, 8, 3, 2, 2], [3, 3, 3, 1, 1], [0, 3, 3, 1, 0]]}, {"input": [[3, 3, 3], [1, 3, 1]], "output": [[0, 3, 3, 3, 0], [3, 3, 3, 3, 3], [1, 1, 3, 1, 1], [0, 1, 3, 1, 0]]}, {"input": [[1, 2], [3, 1], [2, 1]], "output": [[0, 1, 2, 0], [1, 1, 2, 2], [3, 3, 1, 1], [2, 2, 1, 1], [0, 2, 1, 0]]}, {"input": [[4, 2, 3], [4, 1, 3]], "output": [[0, 4, 2, 3, 0], [4, 4, 2, 3, 3], [4, 4, 1, 3, 3], [0, 4, 1, 3, 0]]}, {"input": [[8, 4], [1, 2]], "output": [[0, 8, 4, 0], [8, 8, 4, 4], [1, 1, 2, 2], [0, 1, 2, 0]]}, {"input": [[1, 3], [4, 2], [1, 3]], "output": [[0, 1, 3, 0], [1, 1, 3, 3], [4, 4, 2, 2], [1, 1, 3, 3], [0, 1, 3, 0]]}, {"input": [[3, 3], [3, 3]], "output": [[0, 3, 3, 0], [3, 3, 3, 3], [3, 3, 3, 3], [0, 3, 3, 0]]}, {"input": [[3, 1, 3], [2, 0, 1], [3, 2, 4]], "output": [[0, 3, 1, 3, 0], [3, 3, 1, 3, 3], [2, 2, 0, 1, 1], [3, 3, 2, 4, 4], [0, 3, 2, 4, 0]]}, {"input": [[3, 1, 4], [3, 0, 8], [2, 2, 3]], "output": [[0, 3, 1, 4, 0], [3, 3, 1, 4, 4], [3, 3, 0, 8, 8], [2, 2, 2, 3, 3], [0, 2, 2, 3, 0]]}, {"input": [[1, 4, 2], [3, 1, 8]], "output": [[0, 1, 4, 2, 0], [1, 1, 4, 2, 2], [3, 3, 1, 8, 8], [0, 3, 1, 8, 0]]}, {"input": [[2, 4], [2, 2], [3, 3]], "output": [[0, 2, 4, 0], [2, 2, 4, 4], [2, 2, 2, 2], [3, 3, 3, 3], [0, 3, 3, 0]]}, {"input": [[2, 1], [3, 4]], "output": [[0, 2, 1, 0], [2, 2, 1, 1], [3, 3, 4, 4], [0, 3, 4, 0]]}, {"input": [[8, 3], [3, 4], [4, 4]], "output": [[0, 8, 3, 0], [8, 8, 3, 3], [3, 3, 4, 4], [4, 4, 4, 4], [0, 4, 4, 0]]}, {"input": [[2, 4], [2, 3]], "output": [[0, 2, 4, 0], [2, 2, 4, 4], [2, 2, 3, 3], [0, 2, 3, 0]]}, {"input": [[4, 8], [8, 8]], "output": [[0, 4, 8, 0], [4, 4, 8, 8], [8, 8, 8, 8], [0, 8, 8, 0]]}, {"input": [[2, 2, 3], [1, 0, 1], [3, 2, 1]], "output": [[0, 2, 2, 3, 0], [2, 2, 2, 3, 3], [1, 1, 0, 1, 1], [3, 3, 2, 1, 1], [0, 3, 2, 1, 0]]}, {"input": [[8, 3], [8, 2]], "output": [[0, 8, 3, 0], [8, 8, 3, 3], [8, 8, 2, 2], [0, 8, 2, 0]]}, {"input": [[3, 1], [3, 8]], "output": [[0, 3, 1, 0], [3, 3, 1, 1], [3, 3, 8, 8], [0, 3, 8, 0]]}, {"input": [[2, 2], [4, 3]], "output": [[0, 2, 2, 0], [2, 2, 2, 2], [4, 4, 3, 3], [0, 4, 3, 0]]}, {"input": [[2, 1, 3], [8, 4, 4]], "output": [[0, 2, 1, 3, 0], [2, 2, 1, 3, 3], [8, 8, 4, 4, 4], [0, 8, 4, 4, 0]]}, {"input": [[8, 3, 4], [4, 0, 1], [8, 2, 1]], "output": [[0, 8, 3, 4, 0], [8, 8, 3, 4, 4], [4, 4, 0, 1, 1], [8, 8, 2, 1, 1], [0, 8, 2, 1, 0]]}, {"input": [[3, 2, 2], [1, 0, 3], [1, 2, 3]], "output": [[0, 3, 2, 2, 0], [3, 3, 2, 2, 2], [1, 1, 0, 3, 3], [1, 1, 2, 3, 3], [0, 1, 2, 3, 0]]}, {"input": [[3, 2, 3], [4, 0, 1], [8, 1, 1]], "output": [[0, 3, 2, 3, 0], [3, 3, 2, 3, 3], [4, 4, 0, 1, 1], [8, 8, 1, 1, 1], [0, 8, 1, 1, 0]]}, {"input": [[4, 4, 4], [4, 2, 4]], "output": [[0, 4, 4, 4, 0], [4, 4, 4, 4, 4], [4, 4, 2, 4, 4], [0, 4, 2, 4, 0]]}, {"input": [[3, 1], [8, 4]], "output": [[0, 3, 1, 0], [3, 3, 1, 1], [8, 8, 4, 4], [0, 8, 4, 0]]}, {"input": [[2, 1], [1, 2], [2, 3]], "output": [[0, 2, 1, 0], [2, 2, 1, 1], [1, 1, 2, 2], [2, 2, 3, 3], [0, 2, 3, 0]]}, {"input": [[4, 4], [1, 1], [2, 1]], "output": [[0, 4, 4, 0], [4, 4, 4, 4], [1, 1, 1, 1], [2, 2, 1, 1], [0, 2, 1, 0]]}, {"input": [[8, 3], [3, 3]], "output": [[0, 8, 3, 0], [8, 8, 3, 3], [3, 3, 3, 3], [0, 3, 3, 0]]}, {"input": [[1, 4, 3], [4, 2, 8]], "output": [[0, 1, 4, 3, 0], [1, 1, 4, 3, 3], [4, 4, 2, 8, 8], [0, 4, 2, 8, 0]]}, {"input": [[4, 2, 3], [1, 4, 8]], "output": [[0, 4, 2, 3, 0], [4, 4, 2, 3, 3], [1, 1, 4, 8, 8], [0, 1, 4, 8, 0]]}, {"input": [[4, 3, 3], [4, 0, 8], [2, 3, 4]], "output": [[0, 4, 3, 3, 0], [4, 4, 3, 3, 3], [4, 4, 0, 8, 8], [2, 2, 3, 4, 4], [0, 2, 3, 4, 0]]}, {"input": [[3, 4], [2, 3]], "output": [[0, 3, 4, 0], [3, 3, 4, 4], [2, 2, 3, 3], [0, 2, 3, 0]]}, {"input": [[2, 3], [3, 1], [3, 1]], "output": [[0, 2, 3, 0], [2, 2, 3, 3], [3, 3, 1, 1], [3, 3, 1, 1], [0, 3, 1, 0]]}, {"input": [[4, 8, 1], [4, 0, 1], [3, 3, 4]], "output": [[0, 4, 8, 1, 0], [4, 4, 8, 1, 1], [4, 4, 0, 1, 1], [3, 3, 3, 4, 4], [0, 3, 3, 4, 0]]}, {"input": [[1, 8], [2, 2]], "output": [[0, 1, 8, 0], [1, 1, 8, 8], [2, 2, 2, 2], [0, 2, 2, 0]]}, {"input": [[2, 2], [2, 3], [1, 8]], "output": [[0, 2, 2, 0], [2, 2, 2, 2], [2, 2, 3, 3], [1, 1, 8, 8], [0, 1, 8, 0]]}, {"input": [[8, 8], [8, 2]], "output": [[0, 8, 8, 0], [8, 8, 8, 8], [8, 8, 2, 2], [0, 8, 2, 0]]}, {"input": [[3, 8], [4, 1], [8, 4]], "output": [[0, 3, 8, 0], [3, 3, 8, 8], [4, 4, 1, 1], [8, 8, 4, 4], [0, 8, 4, 0]]}, {"input": [[8, 2], [4, 3], [8, 3]], "output": [[0, 8, 2, 0], [8, 8, 2, 2], [4, 4, 3, 3], [8, 8, 3, 3], [0, 8, 3, 0]]}, {"input": [[1, 8, 8], [3, 2, 4]], "output": [[0, 1, 8, 8, 0], [1, 1, 8, 8, 8], [3, 3, 2, 4, 4], [0, 3, 2, 4, 0]]}, {"input": [[1, 4, 1], [2, 1, 8]], "output": [[0, 1, 4, 1, 0], [1, 1, 4, 1, 1], [2, 2, 1, 8, 8], [0, 2, 1, 8, 0]]}, {"input": [[4, 8], [3, 4], [2, 3]], "output": [[0, 4, 8, 0], [4, 4, 8, 8], [3, 3, 4, 4], [2, 2, 3, 3], [0, 2, 3, 0]]}, {"input": [[3, 1], [1, 1], [2, 3]], "output": [[0, 3, 1, 0], [3, 3, 1, 1], [1, 1, 1, 1], [2, 2, 3, 3], [0, 2, 3, 0]]}, {"input": [[1, 3], [2, 4]], "output": [[0, 1, 3, 0], [1, 1, 3, 3], [2, 2, 4, 4], [0, 2, 4, 0]]}, {"input": [[3, 3], [8, 3], [4, 3]], "output": [[0, 3, 3, 0], [3, 3, 3, 3], [8, 8, 3, 3], [4, 4, 3, 3], [0, 4, 3, 0]]}, {"input": [[2, 8], [8, 1], [1, 8]], "output": [[0, 2, 8, 0], [2, 2, 8, 8], [8, 8, 1, 1], [1, 1, 8, 8], [0, 1, 8, 0]]}, {"input": [[1, 8], [1, 2], [1, 8]], "output": [[0, 1, 8, 0], [1, 1, 8, 8], [1, 1, 2, 2], [1, 1, 8, 8], [0, 1, 8, 0]]}, {"input": [[8, 4], [3, 3], [4, 4]], "output": [[0, 8, 4, 0], [8, 8, 4, 4], [3, 3, 3, 3], [4, 4, 4, 4], [0, 4, 4, 0]]}, {"input": [[8, 1, 2], [4, 0, 8], [8, 3, 4]], "output": [[0, 8, 1, 2, 0], [8, 8, 1, 2, 2], [4, 4, 0, 8, 8], [8, 8, 3, 4, 4], [0, 8, 3, 4, 0]]}, {"input": [[2, 8, 4], [8, 0, 4], [3, 4, 2]], "output": [[0, 2, 8, 4, 0], [2, 2, 8, 4, 4], [8, 8, 0, 4, 4], [3, 3, 4, 2, 2], [0, 3, 4, 2, 0]]}, {"input": [[3, 1, 4], [3, 0, 4], [8, 1, 2]], "output": [[0, 3, 1, 4, 0], [3, 3, 1, 4, 4], [3, 3, 0, 4, 4], [8, 8, 1, 2, 2], [0, 8, 1, 2, 0]]}, {"input": [[3, 1, 1], [4, 4, 1]], "output": [[0, 3, 1, 1, 0], [3, 3, 1, 1, 1], [4, 4, 4, 1, 1], [0, 4, 4, 1, 0]]}, {"input": [[4, 2], [2, 1]], "output": [[0, 4, 2, 0], [4, 4, 2, 2], [2, 2, 1, 1], [0, 2, 1, 0]]}, {"input": [[8, 1], [2, 2], [2, 8]], "output": [[0, 8, 1, 0], [8, 8, 1, 1], [2, 2, 2, 2], [2, 2, 8, 8], [0, 2, 8, 0]]}, {"input": [[4, 2, 3], [2, 0, 2], [1, 3, 8]], "output": [[0, 4, 2, 3, 0], [4, 4, 2, 3, 3], [2, 2, 0, 2, 2], [1, 1, 3, 8, 8], [0, 1, 3, 8, 0]]}, {"input": [[2, 4, 8], [3, 1, 8]], "output": [[0, 2, 4, 8, 0], [2, 2, 4, 8, 8], [3, 3, 1, 8, 8], [0, 3, 1, 8, 0]]}, {"input": [[4, 1, 1], [8, 2, 1]], "output": [[0, 4, 1, 1, 0], [4, 4, 1, 1, 1], [8, 8, 2, 1, 1], [0, 8, 2, 1, 0]]}, {"input": [[2, 1], [2, 3]], "output": [[0, 2, 1, 0], [2, 2, 1, 1], [2, 2, 3, 3], [0, 2, 3, 0]]}, {"input": [[4, 2, 8], [4, 0, 1], [3, 4, 4]], "output": [[0, 4, 2, 8, 0], [4, 4, 2, 8, 8], [4, 4, 0, 1, 1], [3, 3, 4, 4, 4], [0, 3, 4, 4, 0]]}, {"input": [[1, 8, 1], [3, 8, 8]], "output": [[0, 1, 8, 1, 0], [1, 1, 8, 1, 1], [3, 3, 8, 8, 8], [0, 3, 8, 8, 0]]}, {"input": [[8, 8, 4], [1, 1, 1]], "output": [[0, 8, 8, 4, 0], [8, 8, 8, 4, 4], [1, 1, 1, 1, 1], [0, 1, 1, 1, 0]]}, {"input": [[8, 4], [1, 4]], "output": [[0, 8, 4, 0], [8, 8, 4, 4], [1, 1, 4, 4], [0, 1, 4, 0]]}, {"input": [[3, 1], [3, 2], [8, 8]], "output": [[0, 3, 1, 0], [3, 3, 1, 1], [3, 3, 2, 2], [8, 8, 8, 8], [0, 8, 8, 0]]}, {"input": [[4, 4, 2], [1, 0, 1], [1, 1, 2]], "output": [[0, 4, 4, 2, 0], [4, 4, 4, 2, 2], [1, 1, 0, 1, 1], [1, 1, 1, 2, 2], [0, 1, 1, 2, 0]]}, {"input": [[8, 3, 8], [8, 3, 3]], "output": [[0, 8, 3, 8, 0], [8, 8, 3, 8, 8], [8, 8, 3, 3, 3], [0, 8, 3, 3, 0]]}, {"input": [[3, 3, 3], [4, 1, 4]], "output": [[0, 3, 3, 3, 0], [3, 3, 3, 3, 3], [4, 4, 1, 4, 4], [0, 4, 1, 4, 0]]}, {"input": [[4, 3], [1, 8]], "output": [[0, 4, 3, 0], [4, 4, 3, 3], [1, 1, 8, 8], [0, 1, 8, 0]]}, {"input": [[2, 3, 4], [3, 1, 3]], "output": [[0, 2, 3, 4, 0], [2, 2, 3, 4, 4], [3, 3, 1, 3, 3], [0, 3, 1, 3, 0]]}, {"input": [[4, 3, 1], [1, 4, 8]], "output": [[0, 4, 3, 1, 0], [4, 4, 3, 1, 1], [1, 1, 4, 8, 8], [0, 1, 4, 8, 0]]}]}