{"train": [{"input": [[4, 4, 4], [2, 3, 2], [2, 3, 3]], "output": [[5, 5, 5], [0, 0, 0], [0, 0, 0]]}, {"input": [[7, 3, 3], [6, 6, 6], [3, 7, 7]], "output": [[0, 0, 0], [5, 5, 5], [0, 0, 0]]}, {"input": [[2, 9, 2], [4, 4, 4], [9, 9, 9]], "output": [[0, 0, 0], [5, 5, 5], [5, 5, 5]]}, {"input": [[2, 2, 4], [2, 2, 4], [1, 1, 1]], "output": [[0, 0, 0], [0, 0, 0], [5, 5, 5]]}], "test": [{"input": [[4, 4, 4], [3, 2, 3], [8, 8, 8]], "output": [[5, 5, 5], [0, 0, 0], [5, 5, 5]]}], "arc-gen": [{"input": [[9, 9, 9], [6, 2, 2], [2, 6, 2]], "output": [[5, 5, 5], [0, 0, 0], [0, 0, 0]]}, {"input": [[6, 7, 7], [7, 7, 7], [8, 7, 7]], "output": [[0, 0, 0], [5, 5, 5], [0, 0, 0]]}, {"input": [[1, 1, 9], [9, 9, 9], [1, 1, 1]], "output": [[0, 0, 0], [5, 5, 5], [5, 5, 5]]}, {"input": [[7, 7, 7], [3, 1, 1], [3, 3, 3]], "output": [[5, 5, 5], [0, 0, 0], [5, 5, 5]]}, {"input": [[2, 2, 2], [2, 8, 2], [9, 9, 9]], "output": [[5, 5, 5], [0, 0, 0], [5, 5, 5]]}, {"input": [[8, 8, 8], [3, 3, 3], [1, 1, 3]], "output": [[5, 5, 5], [5, 5, 5], [0, 0, 0]]}, {"input": [[3, 3, 3], [7, 7, 7], [3, 3, 7]], "output": [[5, 5, 5], [5, 5, 5], [0, 0, 0]]}, {"input": [[4, 4, 9], [4, 9, 9], [9, 9, 9]], "output": [[0, 0, 0], [0, 0, 0], [5, 5, 5]]}, {"input": [[6, 4, 6], [3, 3, 3], [4, 6, 6]], "output": [[0, 0, 0], [5, 5, 5], [0, 0, 0]]}, {"input": [[7, 7, 7], [6, 6, 7], [6, 6, 7]], "output": [[5, 5, 5], [0, 0, 0], [0, 0, 0]]}, {"input": [[1, 1, 1], [1, 3, 3], [3, 3, 3]], "output": [[5, 5, 5], [0, 0, 0], [5, 5, 5]]}, {"input": [[8, 8, 8], [2, 2, 8], [1, 2, 1]], "output": [[5, 5, 5], [0, 0, 0], [0, 0, 0]]}, {"input": [[4, 1, 4], [1, 1, 1], [2, 1, 2]], "output": [[0, 0, 0], [5, 5, 5], [0, 0, 0]]}, {"input": [[9, 9, 8], [9, 9, 1], [9, 9, 9]], "output": [[0, 0, 0], [0, 0, 0], [5, 5, 5]]}, {"input": [[3, 6, 6], [1, 1, 1], [7, 7, 7]], "output": [[0, 0, 0], [5, 5, 5], [5, 5, 5]]}, {"input": [[4, 7, 4], [7, 7, 7], [6, 6, 6]], "output": [[0, 0, 0], [5, 5, 5], [5, 5, 5]]}, {"input": [[7, 7, 7], [9, 7, 9], [9, 9, 9]], "output": [[5, 5, 5], [0, 0, 0], [5, 5, 5]]}, {"input": [[4, 3, 3], [6, 3, 3], [4, 4, 4]], "output": [[0, 0, 0], [0, 0, 0], [5, 5, 5]]}, {"input": [[7, 8, 7], [7, 7, 7], [4, 4, 4]], "output": [[0, 0, 0], [5, 5, 5], [5, 5, 5]]}, {"input": [[1, 1, 7], [1, 1, 1], [7, 7, 7]], "output": [[0, 0, 0], [5, 5, 5], [5, 5, 5]]}, {"input": [[8, 8, 1], [8, 8, 8], [1, 6, 6]], "output": [[0, 0, 0], [5, 5, 5], [0, 0, 0]]}, {"input": [[7, 4, 7], [2, 7, 2], [7, 7, 7]], "output": [[0, 0, 0], [0, 0, 0], [5, 5, 5]]}, {"input": [[2, 4, 2], [9, 9, 9], [9, 9, 4]], "output": [[0, 0, 0], [5, 5, 5], [0, 0, 0]]}, {"input": [[9, 9, 9], [6, 8, 6], [6, 6, 6]], "output": [[5, 5, 5], [0, 0, 0], [5, 5, 5]]}, {"input": [[2, 2, 2], [7, 7, 7], [2, 4, 2]], "output": [[5, 5, 5], [5, 5, 5], [0, 0, 0]]}, {"input": [[9, 9, 9], [4, 4, 4], [7, 3, 3]], "output": [[5, 5, 5], [5, 5, 5], [0, 0, 0]]}, {"input": [[8, 8, 4], [8, 8, 8], [6, 6, 6]], "output": [[0, 0, 0], [5, 5, 5], [5, 5, 5]]}, {"input": [[8, 8, 8], [7, 8, 8], [7, 1, 1]], "output": [[5, 5, 5], [0, 0, 0], [0, 0, 0]]}, {"input": [[1, 1, 1], [6, 6, 6], [6, 6, 1]], "output": [[5, 5, 5], [5, 5, 5], [0, 0, 0]]}, {"input": [[7, 7, 2], [2, 2, 2], [3, 3, 3]], "output": [[0, 0, 0], [5, 5, 5], [5, 5, 5]]}, {"input": [[6, 6, 6], [6, 6, 4], [6, 6, 4]], "output": [[5, 5, 5], [0, 0, 0], [0, 0, 0]]}, {"input": [[1, 2, 1], [1, 9, 1], [8, 8, 8]], "output": [[0, 0, 0], [0, 0, 0], [5, 5, 5]]}, {"input": [[6, 6, 9], [6, 6, 6], [9, 8, 9]], "output": [[0, 0, 0], [5, 5, 5], [0, 0, 0]]}, {"input": [[7, 7, 1], [9, 9, 9], [1, 1, 1]], "output": [[0, 0, 0], [5, 5, 5], [5, 5, 5]]}, {"input": [[2, 2, 2], [4, 2, 4], [4, 4, 4]], "output": [[5, 5, 5], [0, 0, 0], [5, 5, 5]]}, {"input": [[8, 8, 4], [7, 7, 7], [7, 4, 7]], "output": [[0, 0, 0], [5, 5, 5], [0, 0, 0]]}, {"input": [[6, 6, 6], [6, 4, 6], [3, 3, 1]], "output": [[5, 5, 5], [0, 0, 0], [0, 0, 0]]}, {"input": [[9, 9, 9], [6, 6, 6], [7, 9, 9]], "output": [[5, 5, 5], [5, 5, 5], [0, 0, 0]]}, {"input": [[3, 3, 3], [9, 9, 3], [3, 3, 9]], "output": [[5, 5, 5], [0, 0, 0], [0, 0, 0]]}, {"input": [[4, 4, 4], [2, 2, 2], [6, 4, 6]], "output": [[5, 5, 5], [5, 5, 5], [0, 0, 0]]}, {"input": [[8, 7, 7], [2, 2, 2], [9, 9, 2]], "output": [[0, 0, 0], [5, 5, 5], [0, 0, 0]]}, {"input": [[6, 6, 6], [2, 2, 4], [2, 6, 6]], "output": [[5, 5, 5], [0, 0, 0], [0, 0, 0]]}, {"input": [[4, 1, 1], [4, 4, 4], [6, 6, 6]], "output": [[0, 0, 0], [5, 5, 5], [5, 5, 5]]}, {"input": [[9, 4, 4], [9, 9, 9], [4, 4, 4]], "output": [[0, 0, 0], [5, 5, 5], [5, 5, 5]]}, {"input": [[7, 9, 9], [6, 6, 6], [3, 3, 6]], "output": [[0, 0, 0], [5, 5, 5], [0, 0, 0]]}, {"input": [[2, 1, 1], [2, 3, 2], [2, 2, 2]], "output": [[0, 0, 0], [0, 0, 0], [5, 5, 5]]}, {"input": [[6, 3, 3], [3, 3, 3], [3, 3, 6]], "output": [[0, 0, 0], [5, 5, 5], [0, 0, 0]]}, {"input": [[9, 6, 9], [8, 8, 8], [4, 4, 4]], "output": [[0, 0, 0], [5, 5, 5], [5, 5, 5]]}, {"input": [[1, 1, 1], [1, 9, 1], [8, 9, 8]], "output": [[5, 5, 5], [0, 0, 0], [0, 0, 0]]}, {"input": [[4, 4, 4], [2, 2, 6], [6, 4, 6]], "output": [[5, 5, 5], [0, 0, 0], [0, 0, 0]]}, {"input": [[4, 4, 8], [7, 8, 7], [8, 8, 8]], "output": [[0, 0, 0], [0, 0, 0], [5, 5, 5]]}, {"input": [[8, 6, 6], [2, 2, 2], [8, 8, 8]], "output": [[0, 0, 0], [5, 5, 5], [5, 5, 5]]}, {"input": [[8, 1, 8], [1, 3, 3], [6, 6, 6]], "output": [[0, 0, 0], [0, 0, 0], [5, 5, 5]]}, {"input": [[1, 9, 9], [1, 1, 1], [4, 4, 4]], "output": [[0, 0, 0], [5, 5, 5], [5, 5, 5]]}, {"input": [[4, 4, 4], [2, 4, 2], [4, 2, 4]], "output": [[5, 5, 5], [0, 0, 0], [0, 0, 0]]}, {"input": [[8, 8, 8], [4, 4, 4], [4, 8, 4]], "output": [[5, 5, 5], [5, 5, 5], [0, 0, 0]]}, {"input": [[7, 4, 4], [8, 8, 8], [4, 4, 4]], "output": [[0, 0, 0], [5, 5, 5], [5, 5, 5]]}, {"input": [[1, 1, 4], [2, 2, 2], [1, 4, 1]], "output": [[0, 0, 0], [5, 5, 5], [0, 0, 0]]}, {"input": [[2, 2, 2], [1, 1, 1], [3, 1, 3]], "output": [[5, 5, 5], [5, 5, 5], [0, 0, 0]]}, {"input": [[6, 6, 6], [9, 9, 9], [9, 9, 7]], "output": [[5, 5, 5], [5, 5, 5], [0, 0, 0]]}, {"input": [[3, 3, 3], [3, 2, 3], [3, 3, 7]], "output": [[5, 5, 5], [0, 0, 0], [0, 0, 0]]}, {"input": [[6, 6, 8], [6, 6, 4], [4, 4, 4]], "output": [[0, 0, 0], [0, 0, 0], [5, 5, 5]]}, {"input": [[4, 4, 4], [2, 2, 2], [2, 4, 2]], "output": [[5, 5, 5], [5, 5, 5], [0, 0, 0]]}, {"input": [[9, 2, 2], [4, 4, 2], [4, 4, 4]], "output": [[0, 0, 0], [0, 0, 0], [5, 5, 5]]}, {"input": [[2, 2, 2], [6, 6, 6], [2, 1, 2]], "output": [[5, 5, 5], [5, 5, 5], [0, 0, 0]]}, {"input": [[4, 4, 6], [7, 4, 7], [7, 7, 7]], "output": [[0, 0, 0], [0, 0, 0], [5, 5, 5]]}, {"input": [[9, 9, 8], [8, 8, 8], [1, 1, 1]], "output": [[0, 0, 0], [5, 5, 5], [5, 5, 5]]}, {"input": [[2, 2, 6], [8, 8, 8], [2, 2, 2]], "output": [[0, 0, 0], [5, 5, 5], [5, 5, 5]]}, {"input": [[1, 1, 2], [7, 7, 7], [2, 2, 7]], "output": [[0, 0, 0], [5, 5, 5], [0, 0, 0]]}, {"input": [[1, 1, 4], [6, 6, 6], [1, 4, 4]], "output": [[0, 0, 0], [5, 5, 5], [0, 0, 0]]}, {"input": [[2, 2, 2], [8, 1, 8], [9, 9, 9]], "output": [[5, 5, 5], [0, 0, 0], [5, 5, 5]]}, {"input": [[7, 7, 7], [2, 2, 2], [8, 7, 7]], "output": [[5, 5, 5], [5, 5, 5], [0, 0, 0]]}, {"input": [[1, 1, 8], [3, 8, 3], [8, 8, 8]], "output": [[0, 0, 0], [0, 0, 0], [5, 5, 5]]}, {"input": [[2, 2, 2], [9, 9, 2], [1, 1, 1]], "output": [[5, 5, 5], [0, 0, 0], [5, 5, 5]]}, {"input": [[1, 4, 1], [4, 4, 1], [4, 4, 4]], "output": [[0, 0, 0], [0, 0, 0], [5, 5, 5]]}, {"input": [[9, 9, 9], [1, 1, 1], [4, 8, 4]], "output": [[5, 5, 5], [5, 5, 5], [0, 0, 0]]}, {"input": [[3, 3, 3], [9, 3, 3], [1, 9, 1]], "output": [[5, 5, 5], [0, 0, 0], [0, 0, 0]]}, {"input": [[2, 2, 2], [6, 2, 6], [4, 4, 4]], "output": [[5, 5, 5], [0, 0, 0], [5, 5, 5]]}, {"input": [[1, 1, 1], [7, 7, 7], [7, 7, 1]], "output": [[5, 5, 5], [5, 5, 5], [0, 0, 0]]}, {"input": [[4, 4, 4], [9, 7, 7], [9, 9, 9]], "output": [[5, 5, 5], [0, 0, 0], [5, 5, 5]]}, {"input": [[8, 8, 7], [9, 7, 9], [8, 8, 8]], "output": [[0, 0, 0], [0, 0, 0], [5, 5, 5]]}, {"input": [[3, 4, 4], [4, 4, 4], [4, 4, 1]], "output": [[0, 0, 0], [5, 5, 5], [0, 0, 0]]}, {"input": [[4, 4, 4], [8, 4, 8], [8, 8, 8]], "output": [[5, 5, 5], [0, 0, 0], [5, 5, 5]]}, {"input": [[9, 9, 9], [9, 2, 2], [3, 3, 3]], "output": [[5, 5, 5], [0, 0, 0], [5, 5, 5]]}, {"input": [[3, 3, 3], [8, 8, 8], [1, 1, 8]], "output": [[5, 5, 5], [5, 5, 5], [0, 0, 0]]}, {"input": [[9, 9, 9], [4, 9, 4], [4, 4, 4]], "output": [[5, 5, 5], [0, 0, 0], [5, 5, 5]]}, {"input": [[9, 9, 9], [4, 9, 9], [6, 6, 9]], "output": [[5, 5, 5], [0, 0, 0], [0, 0, 0]]}, {"input": [[9, 3, 9], [9, 9, 9], [9, 3, 9]], "output": [[0, 0, 0], [5, 5, 5], [0, 0, 0]]}, {"input": [[3, 3, 6], [6, 6, 7], [6, 6, 6]], "output": [[0, 0, 0], [0, 0, 0], [5, 5, 5]]}, {"input": [[4, 4, 4], [4, 4, 7], [9, 9, 7]], "output": [[5, 5, 5], [0, 0, 0], [0, 0, 0]]}, {"input": [[7, 7, 7], [4, 4, 4], [2, 2, 7]], "output": [[5, 5, 5], [5, 5, 5], [0, 0, 0]]}, {"input": [[9, 3, 9], [9, 9, 9], [3, 3, 3]], "output": [[0, 0, 0], [5, 5, 5], [5, 5, 5]]}, {"input": [[9, 9, 4], [4, 4, 4], [9, 9, 9]], "output": [[0, 0, 0], [5, 5, 5], [5, 5, 5]]}, {"input": [[7, 8, 7], [7, 7, 7], [8, 8, 8]], "output": [[0, 0, 0], [5, 5, 5], [5, 5, 5]]}, {"input": [[7, 9, 9], [6, 6, 6], [7, 9, 7]], "output": [[0, 0, 0], [5, 5, 5], [0, 0, 0]]}, {"input": [[9, 1, 9], [4, 4, 4], [1, 7, 7]], "output": [[0, 0, 0], [5, 5, 5], [0, 0, 0]]}, {"input": [[3, 3, 1], [1, 1, 1], [8, 8, 8]], "output": [[0, 0, 0], [5, 5, 5], [5, 5, 5]]}, {"input": [[8, 8, 8], [9, 9, 9], [2, 1, 1]], "output": [[5, 5, 5], [5, 5, 5], [0, 0, 0]]}, {"input": [[1, 6, 1], [1, 1, 1], [4, 4, 4]], "output": [[0, 0, 0], [5, 5, 5], [5, 5, 5]]}, {"input": [[8, 1, 1], [8, 8, 8], [1, 1, 1]], "output": [[0, 0, 0], [5, 5, 5], [5, 5, 5]]}, {"input": [[1, 1, 2], [1, 1, 1], [7, 4, 4]], "output": [[0, 0, 0], [5, 5, 5], [0, 0, 0]]}, {"input": [[6, 2, 6], [2, 2, 2], [6, 6, 6]], "output": [[0, 0, 0], [5, 5, 5], [5, 5, 5]]}, {"input": [[2, 2, 7], [8, 8, 7], [7, 7, 7]], "output": [[0, 0, 0], [0, 0, 0], [5, 5, 5]]}, {"input": [[4, 4, 4], [4, 7, 7], [7, 9, 7]], "output": [[5, 5, 5], [0, 0, 0], [0, 0, 0]]}, {"input": [[9, 9, 7], [9, 9, 9], [3, 3, 3]], "output": [[0, 0, 0], [5, 5, 5], [5, 5, 5]]}, {"input": [[1, 1, 1], [1, 7, 7], [6, 6, 6]], "output": [[5, 5, 5], [0, 0, 0], [5, 5, 5]]}, {"input": [[2, 2, 2], [7, 7, 7], [8, 2, 8]], "output": [[5, 5, 5], [5, 5, 5], [0, 0, 0]]}, {"input": [[7, 7, 9], [7, 4, 7], [2, 2, 2]], "output": [[0, 0, 0], [0, 0, 0], [5, 5, 5]]}, {"input": [[7, 7, 7], [3, 3, 7], [7, 3, 7]], "output": [[5, 5, 5], [0, 0, 0], [0, 0, 0]]}, {"input": [[6, 8, 8], [7, 7, 7], [8, 8, 8]], "output": [[0, 0, 0], [5, 5, 5], [5, 5, 5]]}, {"input": [[3, 8, 3], [3, 3, 3], [8, 6, 8]], "output": [[0, 0, 0], [5, 5, 5], [0, 0, 0]]}, {"input": [[6, 6, 4], [4, 1, 1], [1, 1, 1]], "output": [[0, 0, 0], [0, 0, 0], [5, 5, 5]]}, {"input": [[1, 1, 6], [7, 7, 7], [6, 3, 6]], "output": [[0, 0, 0], [5, 5, 5], [0, 0, 0]]}, {"input": [[3, 6, 6], [3, 3, 2], [7, 7, 7]], "output": [[0, 0, 0], [0, 0, 0], [5, 5, 5]]}, {"input": [[4, 1, 1], [1, 1, 1], [4, 4, 4]], "output": [[0, 0, 0], [5, 5, 5], [5, 5, 5]]}, {"input": [[7, 7, 7], [8, 7, 8], [3, 3, 3]], "output": [[5, 5, 5], [0, 0, 0], [5, 5, 5]]}, {"input": [[4, 4, 4], [6, 9, 9], [9, 9, 9]], "output": [[5, 5, 5], [0, 0, 0], [5, 5, 5]]}, {"input": [[2, 2, 7], [2, 2, 2], [1, 1, 7]], "output": [[0, 0, 0], [5, 5, 5], [0, 0, 0]]}, {"input": [[7, 7, 7], [1, 1, 1], [7, 1, 7]], "output": [[5, 5, 5], [5, 5, 5], [0, 0, 0]]}, {"input": [[7, 7, 7], [2, 2, 2], [6, 6, 7]], "output": [[5, 5, 5], [5, 5, 5], [0, 0, 0]]}, {"input": [[6, 1, 6], [4, 4, 4], [1, 1, 1]], "output": [[0, 0, 0], [5, 5, 5], [5, 5, 5]]}, {"input": [[3, 3, 4], [3, 4, 3], [7, 7, 7]], "output": [[0, 0, 0], [0, 0, 0], [5, 5, 5]]}, {"input": [[7, 7, 7], [7, 7, 4], [4, 4, 4]], "output": [[5, 5, 5], [0, 0, 0], [5, 5, 5]]}, {"input": [[2, 2, 2], [7, 6, 6], [7, 6, 6]], "output": [[5, 5, 5], [0, 0, 0], [0, 0, 0]]}, {"input": [[2, 6, 2], [6, 2, 6], [6, 6, 6]], "output": [[0, 0, 0], [0, 0, 0], [5, 5, 5]]}, {"input": [[7, 7, 7], [1, 3, 1], [3, 3, 3]], "output": [[5, 5, 5], [0, 0, 0], [5, 5, 5]]}, {"input": [[6, 6, 9], [9, 9, 9], [6, 6, 6]], "output": [[0, 0, 0], [5, 5, 5], [5, 5, 5]]}, {"input": [[3, 3, 3], [4, 4, 4], [8, 4, 8]], "output": [[5, 5, 5], [5, 5, 5], [0, 0, 0]]}, {"input": [[1, 1, 1], [1, 7, 1], [7, 2, 2]], "output": [[5, 5, 5], [0, 0, 0], [0, 0, 0]]}, {"input": [[7, 1, 1], [9, 9, 9], [2, 2, 2]], "output": [[0, 0, 0], [5, 5, 5], [5, 5, 5]]}, {"input": [[7, 4, 7], [4, 4, 4], [9, 7, 7]], "output": [[0, 0, 0], [5, 5, 5], [0, 0, 0]]}, {"input": [[7, 9, 9], [4, 4, 4], [9, 9, 7]], "output": [[0, 0, 0], [5, 5, 5], [0, 0, 0]]}, {"input": [[7, 7, 3], [8, 8, 8], [9, 3, 3]], "output": [[0, 0, 0], [5, 5, 5], [0, 0, 0]]}, {"input": [[7, 7, 4], [7, 4, 4], [6, 6, 6]], "output": [[0, 0, 0], [0, 0, 0], [5, 5, 5]]}, {"input": [[6, 3, 3], [1, 1, 1], [2, 2, 1]], "output": [[0, 0, 0], [5, 5, 5], [0, 0, 0]]}, {"input": [[8, 2, 2], [8, 8, 8], [4, 4, 4]], "output": [[0, 0, 0], [5, 5, 5], [5, 5, 5]]}, {"input": [[8, 6, 8], [6, 6, 6], [9, 9, 9]], "output": [[0, 0, 0], [5, 5, 5], [5, 5, 5]]}, {"input": [[8, 3, 3], [3, 3, 3], [8, 8, 8]], "output": [[0, 0, 0], [5, 5, 5], [5, 5, 5]]}, {"input": [[6, 6, 6], [4, 7, 4], [7, 2, 2]], "output": [[5, 5, 5], [0, 0, 0], [0, 0, 0]]}, {"input": [[2, 2, 7], [3, 3, 3], [1, 1, 3]], "output": [[0, 0, 0], [5, 5, 5], [0, 0, 0]]}, {"input": [[9, 8, 8], [9, 9, 9], [8, 8, 8]], "output": [[0, 0, 0], [5, 5, 5], [5, 5, 5]]}, {"input": [[2, 2, 2], [8, 2, 2], [8, 6, 8]], "output": [[5, 5, 5], [0, 0, 0], [0, 0, 0]]}, {"input": [[8, 8, 6], [8, 8, 8], [6, 1, 1]], "output": [[0, 0, 0], [5, 5, 5], [0, 0, 0]]}, {"input": [[3, 3, 3], [2, 2, 2], [1, 1, 3]], "output": [[5, 5, 5], [5, 5, 5], [0, 0, 0]]}, {"input": [[2, 1, 1], [3, 3, 3], [2, 2, 2]], "output": [[0, 0, 0], [5, 5, 5], [5, 5, 5]]}, {"input": [[6, 1, 1], [1, 6, 6], [6, 6, 6]], "output": [[0, 0, 0], [0, 0, 0], [5, 5, 5]]}, {"input": [[8, 4, 8], [6, 6, 6], [8, 8, 8]], "output": [[0, 0, 0], [5, 5, 5], [5, 5, 5]]}, {"input": [[6, 6, 6], [6, 1, 6], [1, 1, 1]], "output": [[5, 5, 5], [0, 0, 0], [5, 5, 5]]}, {"input": [[1, 1, 1], [2, 1, 1], [2, 2, 2]], "output": [[5, 5, 5], [0, 0, 0], [5, 5, 5]]}, {"input": [[4, 4, 3], [3, 3, 9], [3, 3, 3]], "output": [[0, 0, 0], [0, 0, 0], [5, 5, 5]]}, {"input": [[6, 6, 4], [6, 6, 2], [6, 6, 6]], "output": [[0, 0, 0], [0, 0, 0], [5, 5, 5]]}, {"input": [[9, 9, 9], [9, 8, 9], [4, 8, 4]], "output": [[5, 5, 5], [0, 0, 0], [0, 0, 0]]}, {"input": [[9, 9, 9], [3, 3, 8], [3, 9, 9]], "output": [[5, 5, 5], [0, 0, 0], [0, 0, 0]]}, {"input": [[8, 4, 8], [8, 8, 8], [1, 1, 1]], "output": [[0, 0, 0], [5, 5, 5], [5, 5, 5]]}, {"input": [[9, 9, 9], [9, 9, 8], [8, 6, 8]], "output": [[5, 5, 5], [0, 0, 0], [0, 0, 0]]}, {"input": [[4, 4, 4], [7, 7, 7], [8, 1, 1]], "output": [[5, 5, 5], [5, 5, 5], [0, 0, 0]]}, {"input": [[7, 7, 7], [2, 2, 2], [1, 2, 2]], "output": [[5, 5, 5], [5, 5, 5], [0, 0, 0]]}, {"input": [[1, 1, 9], [4, 4, 4], [9, 9, 4]], "output": [[0, 0, 0], [5, 5, 5], [0, 0, 0]]}, {"input": [[2, 8, 8], [4, 8, 8], [2, 2, 2]], "output": [[0, 0, 0], [0, 0, 0], [5, 5, 5]]}, {"input": [[6, 6, 6], [4, 4, 6], [2, 2, 2]], "output": [[5, 5, 5], [0, 0, 0], [5, 5, 5]]}, {"input": [[9, 9, 7], [7, 9, 7], [7, 7, 7]], "output": [[0, 0, 0], [0, 0, 0], [5, 5, 5]]}, {"input": [[7, 7, 7], [6, 6, 6], [1, 7, 1]], "output": [[5, 5, 5], [5, 5, 5], [0, 0, 0]]}, {"input": [[2, 7, 7], [9, 9, 9], [7, 7, 7]], "output": [[0, 0, 0], [5, 5, 5], [5, 5, 5]]}, {"input": [[6, 2, 6], [7, 7, 6], [1, 1, 1]], "output": [[0, 0, 0], [0, 0, 0], [5, 5, 5]]}, {"input": [[2, 3, 2], [7, 2, 7], [7, 7, 7]], "output": [[0, 0, 0], [0, 0, 0], [5, 5, 5]]}, {"input": [[9, 3, 3], [4, 4, 4], [1, 1, 1]], "output": [[0, 0, 0], [5, 5, 5], [5, 5, 5]]}, {"input": [[3, 8, 8], [8, 8, 8], [3, 3, 8]], "output": [[0, 0, 0], [5, 5, 5], [0, 0, 0]]}, {"input": [[3, 9, 9], [3, 6, 6], [3, 3, 3]], "output": [[0, 0, 0], [0, 0, 0], [5, 5, 5]]}, {"input": [[2, 4, 2], [2, 2, 2], [4, 4, 4]], "output": [[0, 0, 0], [5, 5, 5], [5, 5, 5]]}, {"input": [[6, 7, 6], [7, 9, 7], [7, 7, 7]], "output": [[0, 0, 0], [0, 0, 0], [5, 5, 5]]}, {"input": [[8, 3, 3], [3, 3, 8], [1, 1, 1]], "output": [[0, 0, 0], [0, 0, 0], [5, 5, 5]]}, {"input": [[1, 1, 9], [2, 2, 9], [2, 2, 2]], "output": [[0, 0, 0], [0, 0, 0], [5, 5, 5]]}, {"input": [[2, 2, 2], [9, 2, 9], [2, 2, 3]], "output": [[5, 5, 5], [0, 0, 0], [0, 0, 0]]}, {"input": [[2, 2, 2], [8, 8, 8], [8, 8, 2]], "output": [[5, 5, 5], [5, 5, 5], [0, 0, 0]]}, {"input": [[7, 7, 8], [8, 8, 8], [7, 2, 2]], "output": [[0, 0, 0], [5, 5, 5], [0, 0, 0]]}, {"input": [[2, 8, 8], [2, 2, 6], [2, 2, 2]], "output": [[0, 0, 0], [0, 0, 0], [5, 5, 5]]}, {"input": [[1, 8, 8], [8, 1, 8], [8, 8, 8]], "output": [[0, 0, 0], [0, 0, 0], [5, 5, 5]]}, {"input": [[8, 8, 2], [2, 2, 2], [8, 2, 8]], "output": [[0, 0, 0], [5, 5, 5], [0, 0, 0]]}, {"input": [[4, 2, 4], [4, 4, 2], [7, 7, 7]], "output": [[0, 0, 0], [0, 0, 0], [5, 5, 5]]}, {"input": [[7, 9, 9], [9, 9, 9], [8, 8, 8]], "output": [[0, 0, 0], [5, 5, 5], [5, 5, 5]]}, {"input": [[6, 6, 6], [6, 6, 7], [7, 7, 7]], "output": [[5, 5, 5], [0, 0, 0], [5, 5, 5]]}, {"input": [[4, 4, 4], [2, 4, 4], [1, 1, 1]], "output": [[5, 5, 5], [0, 0, 0], [5, 5, 5]]}, {"input": [[9, 9, 4], [9, 9, 9], [2, 4, 4]], "output": [[0, 0, 0], [5, 5, 5], [0, 0, 0]]}, {"input": [[4, 4, 4], [7, 7, 7], [7, 7, 4]], "output": [[5, 5, 5], [5, 5, 5], [0, 0, 0]]}, {"input": [[8, 8, 8], [7, 7, 7], [8, 8, 2]], "output": [[5, 5, 5], [5, 5, 5], [0, 0, 0]]}, {"input": [[4, 4, 4], [4, 3, 3], [9, 3, 3]], "output": [[5, 5, 5], [0, 0, 0], [0, 0, 0]]}, {"input": [[2, 2, 2], [8, 8, 8], [2, 6, 2]], "output": [[5, 5, 5], [5, 5, 5], [0, 0, 0]]}, {"input": [[9, 9, 9], [8, 8, 9], [9, 1, 1]], "output": [[5, 5, 5], [0, 0, 0], [0, 0, 0]]}, {"input": [[4, 4, 4], [9, 9, 9], [4, 9, 4]], "output": [[5, 5, 5], [5, 5, 5], [0, 0, 0]]}, {"input": [[2, 2, 6], [6, 2, 6], [3, 3, 3]], "output": [[0, 0, 0], [0, 0, 0], [5, 5, 5]]}, {"input": [[6, 2, 6], [6, 6, 6], [2, 1, 2]], "output": [[0, 0, 0], [5, 5, 5], [0, 0, 0]]}, {"input": [[6, 7, 7], [7, 7, 7], [6, 6, 6]], "output": [[0, 0, 0], [5, 5, 5], [5, 5, 5]]}, {"input": [[3, 4, 3], [3, 3, 4], [4, 4, 4]], "output": [[0, 0, 0], [0, 0, 0], [5, 5, 5]]}, {"input": [[3, 3, 4], [6, 6, 6], [4, 4, 4]], "output": [[0, 0, 0], [5, 5, 5], [5, 5, 5]]}, {"input": [[8, 8, 1], [7, 7, 3], [1, 1, 1]], "output": [[0, 0, 0], [0, 0, 0], [5, 5, 5]]}, {"input": [[1, 1, 1], [6, 2, 6], [6, 6, 6]], "output": [[5, 5, 5], [0, 0, 0], [5, 5, 5]]}, {"input": [[1, 1, 1], [4, 4, 4], [4, 1, 1]], "output": [[5, 5, 5], [5, 5, 5], [0, 0, 0]]}, {"input": [[6, 4, 4], [1, 4, 1], [1, 1, 1]], "output": [[0, 0, 0], [0, 0, 0], [5, 5, 5]]}, {"input": [[7, 7, 3], [1, 1, 1], [7, 7, 7]], "output": [[0, 0, 0], [5, 5, 5], [5, 5, 5]]}, {"input": [[2, 2, 2], [3, 3, 3], [3, 2, 3]], "output": [[5, 5, 5], [5, 5, 5], [0, 0, 0]]}, {"input": [[7, 7, 7], [3, 3, 3], [3, 3, 9]], "output": [[5, 5, 5], [5, 5, 5], [0, 0, 0]]}, {"input": [[3, 6, 3], [6, 6, 6], [3, 3, 3]], "output": [[0, 0, 0], [5, 5, 5], [5, 5, 5]]}, {"input": [[3, 3, 3], [3, 7, 7], [3, 7, 7]], "output": [[5, 5, 5], [0, 0, 0], [0, 0, 0]]}, {"input": [[9, 9, 9], [7, 2, 7], [7, 7, 7]], "output": [[5, 5, 5], [0, 0, 0], [5, 5, 5]]}, {"input": [[4, 7, 4], [4, 4, 4], [4, 4, 7]], "output": [[0, 0, 0], [5, 5, 5], [0, 0, 0]]}, {"input": [[6, 3, 6], [6, 6, 6], [7, 7, 7]], "output": [[0, 0, 0], [5, 5, 5], [5, 5, 5]]}, {"input": [[9, 9, 4], [4, 2, 2], [2, 2, 2]], "output": [[0, 0, 0], [0, 0, 0], [5, 5, 5]]}, {"input": [[6, 4, 4], [2, 2, 2], [6, 4, 4]], "output": [[0, 0, 0], [5, 5, 5], [0, 0, 0]]}, {"input": [[6, 6, 6], [7, 7, 7], [6, 6, 8]], "output": [[5, 5, 5], [5, 5, 5], [0, 0, 0]]}, {"input": [[6, 6, 3], [3, 3, 3], [7, 7, 7]], "output": [[0, 0, 0], [5, 5, 5], [5, 5, 5]]}, {"input": [[3, 3, 3], [2, 2, 2], [2, 1, 1]], "output": [[5, 5, 5], [5, 5, 5], [0, 0, 0]]}, {"input": [[2, 2, 2], [2, 7, 2], [2, 7, 7]], "output": [[5, 5, 5], [0, 0, 0], [0, 0, 0]]}, {"input": [[8, 1, 1], [8, 8, 8], [2, 2, 2]], "output": [[0, 0, 0], [5, 5, 5], [5, 5, 5]]}, {"input": [[6, 6, 6], [4, 7, 7], [7, 7, 7]], "output": [[5, 5, 5], [0, 0, 0], [5, 5, 5]]}, {"input": [[9, 9, 9], [7, 3, 7], [2, 3, 2]], "output": [[5, 5, 5], [0, 0, 0], [0, 0, 0]]}, {"input": [[8, 8, 8], [9, 2, 2], [3, 3, 3]], "output": [[5, 5, 5], [0, 0, 0], [5, 5, 5]]}, {"input": [[1, 1, 1], [4, 4, 4], [4, 4, 7]], "output": [[5, 5, 5], [5, 5, 5], [0, 0, 0]]}, {"input": [[3, 7, 7], [3, 3, 3], [9, 7, 7]], "output": [[0, 0, 0], [5, 5, 5], [0, 0, 0]]}, {"input": [[7, 8, 7], [8, 8, 8], [8, 8, 7]], "output": [[0, 0, 0], [5, 5, 5], [0, 0, 0]]}, {"input": [[6, 6, 6], [8, 6, 8], [8, 8, 8]], "output": [[5, 5, 5], [0, 0, 0], [5, 5, 5]]}, {"input": [[8, 8, 8], [4, 4, 4], [7, 8, 8]], "output": [[5, 5, 5], [5, 5, 5], [0, 0, 0]]}, {"input": [[9, 9, 9], [1, 1, 1], [4, 9, 9]], "output": [[5, 5, 5], [5, 5, 5], [0, 0, 0]]}, {"input": [[3, 3, 9], [2, 9, 9], [3, 3, 3]], "output": [[0, 0, 0], [0, 0, 0], [5, 5, 5]]}, {"input": [[9, 9, 9], [4, 4, 3], [4, 4, 4]], "output": [[5, 5, 5], [0, 0, 0], [5, 5, 5]]}, {"input": [[2, 2, 2], [2, 4, 4], [4, 3, 4]], "output": [[5, 5, 5], [0, 0, 0], [0, 0, 0]]}, {"input": [[7, 7, 7], [2, 7, 7], [2, 2, 2]], "output": [[5, 5, 5], [0, 0, 0], [5, 5, 5]]}, {"input": [[6, 6, 9], [9, 6, 6], [9, 9, 9]], "output": [[0, 0, 0], [0, 0, 0], [5, 5, 5]]}, {"input": [[9, 1, 9], [1, 1, 8], [1, 1, 1]], "output": [[0, 0, 0], [0, 0, 0], [5, 5, 5]]}, {"input": [[3, 4, 4], [3, 3, 3], [8, 8, 8]], "output": [[0, 0, 0], [5, 5, 5], [5, 5, 5]]}, {"input": [[6, 2, 2], [6, 6, 6], [8, 8, 2]], "output": [[0, 0, 0], [5, 5, 5], [0, 0, 0]]}, {"input": [[2, 6, 6], [8, 8, 2], [2, 2, 2]], "output": [[0, 0, 0], [0, 0, 0], [5, 5, 5]]}, {"input": [[8, 8, 3], [8, 8, 8], [3, 3, 3]], "output": [[0, 0, 0], [5, 5, 5], [5, 5, 5]]}, {"input": [[2, 9, 9], [6, 6, 6], [9, 9, 9]], "output": [[0, 0, 0], [5, 5, 5], [5, 5, 5]]}, {"input": [[1, 1, 1], [2, 2, 2], [1, 7, 1]], "output": [[5, 5, 5], [5, 5, 5], [0, 0, 0]]}, {"input": [[4, 4, 4], [9, 7, 7], [4, 1, 1]], "output": [[5, 5, 5], [0, 0, 0], [0, 0, 0]]}, {"input": [[4, 4, 4], [6, 6, 6], [9, 9, 4]], "output": [[5, 5, 5], [5, 5, 5], [0, 0, 0]]}, {"input": [[1, 3, 1], [9, 9, 9], [9, 1, 9]], "output": [[0, 0, 0], [5, 5, 5], [0, 0, 0]]}, {"input": [[1, 9, 9], [1, 1, 1], [3, 1, 3]], "output": [[0, 0, 0], [5, 5, 5], [0, 0, 0]]}, {"input": [[9, 3, 3], [3, 3, 3], [8, 8, 8]], "output": [[0, 0, 0], [5, 5, 5], [5, 5, 5]]}, {"input": [[6, 9, 9], [6, 9, 9], [6, 6, 6]], "output": [[0, 0, 0], [0, 0, 0], [5, 5, 5]]}, {"input": [[9, 6, 6], [6, 6, 6], [9, 1, 9]], "output": [[0, 0, 0], [5, 5, 5], [0, 0, 0]]}, {"input": [[7, 7, 7], [7, 9, 7], [6, 6, 6]], "output": [[5, 5, 5], [0, 0, 0], [5, 5, 5]]}, {"input": [[6, 6, 6], [9, 9, 9], [1, 6, 6]], "output": [[5, 5, 5], [5, 5, 5], [0, 0, 0]]}, {"input": [[7, 7, 7], [2, 2, 2], [6, 6, 2]], "output": [[5, 5, 5], [5, 5, 5], [0, 0, 0]]}, {"input": [[3, 3, 3], [7, 7, 7], [3, 4, 4]], "output": [[5, 5, 5], [5, 5, 5], [0, 0, 0]]}, {"input": [[3, 3, 3], [3, 9, 3], [1, 1, 8]], "output": [[5, 5, 5], [0, 0, 0], [0, 0, 0]]}, {"input": [[2, 2, 2], [2, 2, 9], [9, 2, 2]], "output": [[5, 5, 5], [0, 0, 0], [0, 0, 0]]}, {"input": [[7, 7, 9], [9, 9, 6], [9, 9, 9]], "output": [[0, 0, 0], [0, 0, 0], [5, 5, 5]]}, {"input": [[9, 9, 9], [3, 2, 2], [2, 3, 3]], "output": [[5, 5, 5], [0, 0, 0], [0, 0, 0]]}, {"input": [[2, 2, 2], [4, 3, 3], [3, 3, 3]], "output": [[5, 5, 5], [0, 0, 0], [5, 5, 5]]}, {"input": [[1, 1, 7], [2, 2, 2], [7, 2, 2]], "output": [[0, 0, 0], [5, 5, 5], [0, 0, 0]]}, {"input": [[2, 1, 2], [9, 1, 9], [1, 1, 1]], "output": [[0, 0, 0], [0, 0, 0], [5, 5, 5]]}, {"input": [[8, 8, 8], [4, 8, 4], [7, 7, 7]], "output": [[5, 5, 5], [0, 0, 0], [5, 5, 5]]}, {"input": [[8, 8, 1], [1, 1, 1], [4, 4, 4]], "output": [[0, 0, 0], [5, 5, 5], [5, 5, 5]]}, {"input": [[4, 4, 2], [2, 4, 2], [2, 2, 2]], "output": [[0, 0, 0], [0, 0, 0], [5, 5, 5]]}, {"input": [[6, 6, 1], [1, 1, 1], [6, 1, 1]], "output": [[0, 0, 0], [5, 5, 5], [0, 0, 0]]}, {"input": [[8, 8, 9], [9, 8, 8], [9, 9, 9]], "output": [[0, 0, 0], [0, 0, 0], [5, 5, 5]]}, {"input": [[7, 2, 7], [7, 7, 7], [4, 8, 4]], "output": [[0, 0, 0], [5, 5, 5], [0, 0, 0]]}, {"input": [[3, 7, 7], [6, 6, 6], [2, 2, 2]], "output": [[0, 0, 0], [5, 5, 5], [5, 5, 5]]}, {"input": [[9, 9, 9], [3, 3, 3], [3, 3, 8]], "output": [[5, 5, 5], [5, 5, 5], [0, 0, 0]]}, {"input": [[3, 3, 3], [9, 4, 9], [9, 9, 4]], "output": [[5, 5, 5], [0, 0, 0], [0, 0, 0]]}, {"input": [[9, 2, 9], [2, 2, 2], [8, 8, 8]], "output": [[0, 0, 0], [5, 5, 5], [5, 5, 5]]}]}